Identifier,Card_name,SSN,ZIP,Phone,Amount
1,Genevieve Gallegos,739-39-3392,49206-9961,398-130-6320,7905
2,Masako Holley,558-38-0053,67351-0382,127-223-3731,7012
3,Pearle Goodman,143-55-7149,65528-8418,532-778-1057,9244
4,Douglas Schmidt,663-89-0170,65814-3326,921-096-5093,7005
5,Russell Mills,809-22-1692,55296-4461,173-346-2172,4100
6,Donald Rex,475-54-3777,95814-6663,539-118-1847,3847
7,Lillian Lee,995-98-4404,94682-0594,317-105-2855,9556
8,Frances Arndt,887-52-8199,02825-6792,901-198-3286,8621
9,Jayson Burt,462-73-2543,72816-1404,648-378-1283,388
10,Barbara Hadiaris,841-12-5367,36471-0417,638-256-4495,6560
11,Robert Fuentez,320-86-0688,03842-8075,894-732-3204,6191
12,Howard Sumler,502-98-6156,88961-6391,612-198-4501,2366
13,Brenda Watts,385-43-3200,69930-5730,914-849-1294,5536
14,Richard Crandall,616-92-3875,71997-7730,316-835-7858,1893
15,Tyler Turner,681-76-9302,68671-7290,343-073-9673,4042
16,Maria Tangerman,137-63-4046,72860-7781,454-844-0024,1277
17,Margaret Hinson,310-36-2633,75781-3032,701-866-5011,3407
18,Terry Sease,989-24-7393,76957-0410,779-177-3452,6006
19,Bernardo Maguire,337-06-1285,79582-5829,118-547-7666,7157
20,Wanda Bundy,337-51-6511,27557-5045,899-768-8630,2234
21,Frances Reyes,532-81-0453,56417-1093,453-625-3712,2940
22,David Wood,249-79-4722,28731-1596,511-761-2284,1915
23,Robin Martinez,827-40-0730,21667-9935,709-376-8325,1316
24,Arturo Kaeo,680-27-4884,59396-2109,620-165-8120,7894
25,Malcolm Lafoe,597-49-1850,65156-5172,176-214-8174,880
26,Nikki Dwyer,727-87-5714,57701-2532,471-484-9758,5414
27,Dwayne Kye,191-86-7501,64060-4135,527-261-2878,1186
28,Suzanne Gillespie,472-29-9532,64389-5590,856-004-8017,7997
29,Jennifer Selby,145-13-5869,92989-8601,370-042-1169,1526
30,Darlene Ball,774-60-3128,94814-3672,715-671-0527,6641
31,Thomas Bullington,417-38-1624,05887-5911,913-353-9173,9093
32,Lee Schwartz,890-01-1116,66937-4323,594-871-7151,1767
33,Steven Ambler,978-86-9876,51621-8768,943-586-7973,3647
34,Derrick Blackmer,545-26-8115,85216-9752,898-127-3303,1634
35,John Carrier,309-63-9142,12608-5026,986-678-0809,5762
36,James Orlando,793-94-6642,17004-8257,478-399-4257,9127
37,Matthew Alvarado,631-61-2638,18305-2383,452-541-9778,8508
38,James Williams,258-01-8600,08368-5570,447-847-2299,4615
39,Herbert Delacruz,565-10-6764,25501-0726,436-154-1988,6910
40,Domingo Williams,741-90-5245,03536-8023,846-366-1497,4974
41,Stacy Dials,850-23-1313,61717-1278,376-360-6543,4321
42,Charles Mullin,680-99-5575,75191-8578,206-881-5140,2085
43,Louise Taylor,566-80-3161,06624-2283,698-145-6385,674
44,Patricia Lee,830-63-6880,82427-7643,617-290-4150,6692
45,Laura Maldonado,152-21-4103,73809-2219,466-167-9242,5324
46,Francisca Guillette,398-69-4824,73813-4232,157-114-3177,1834
47,Travis Gonzales,964-86-7139,10610-4956,584-095-5151,5373
48,Maurice Reed,897-76-0032,46759-2140,984-227-4173,9277
49,Edward Nichols,771-64-1128,61330-6073,905-454-2758,5418
50,Vera Johnson,583-38-7650,05604-5405,538-641-3335,6577
51,Savannah Goh,800-71-6008,13533-1650,666-535-8978,3270
52,Tara Luna,591-80-1146,81821-1804,565-192-7941,1330
53,Helen Howes,767-40-3450,40165-5052,818-134-7754,2866
54,Margarita Chandler,870-54-7592,76037-5985,592-572-5895,5771
55,Justin Carter,460-57-2372,23657-0117,800-625-8231,2685
56,Gloria Banks,896-89-7893,86133-7784,881-718-0543,9086
57,Jill Godbee,469-09-4213,53078-6629,315-169-1073,9870
58,Bradley Mckenzie,763-73-3428,82951-3506,821-864-5151,585
59,Latasha Martin,701-18-8611,11970-6845,487-510-6506,5180
60,Travis Cook,392-84-1329,34971-7968,737-538-6608,1025
61,Craig Owen,281-94-0070,56615-8075,136-606-5208,6834
62,Patricia Faye,993-72-9575,49384-2383,247-164-4297,8522
63,Verna Strawn,847-99-8813,56257-3370,753-719-2672,8930
64,Eric Payne,566-72-7911,99871-6949,696-173-7563,141
65,Eric Fothergill,384-24-0086,82322-3147,894-835-1637,6484
66,Luke Chamberlain,945-83-7124,35079-1175,708-755-5756,2075
67,Nikki Miller,460-39-7164,17937-7619,942-629-3672,9010
68,Sharon Kakani,148-90-0537,42185-5946,650-655-9990,1579
69,Clinton Baker,147-32-6935,38190-7371,513-329-2242,8001
70,Timothy Marcotte,888-84-1501,45035-4032,694-534-9949,3568
71,Mary Johnson,147-49-7698,21268-7556,555-540-1778,5993
72,Chance Kohl,711-27-1918,16718-5569,507-860-6147,4691
73,David Bollinger,373-03-2848,28717-8147,399-341-7241,153
74,Enrique Fields,585-78-0773,20230-1588,676-675-5227,7805
75,Robert Nebeker,168-03-4121,70344-9606,495-467-1742,6235
76,Holly Williams,249-57-2599,79238-7287,974-129-8151,528
77,Lora King,933-28-3919,95573-5211,595-453-2892,428
78,Nancy Coker,756-29-8840,22831-1434,880-220-2831,6205
79,Dorothy Sanchez,773-03-1008,86630-5180,821-116-5705,9900
80,John Russell,920-58-8005,21387-4462,231-804-9422,823
81,Eva Rusert,439-20-1178,46695-1911,628-187-9584,3858
82,Nelson Tuder,163-85-9766,14739-6207,762-571-7251,4489
83,Nora Norstrom,149-08-3742,42213-5370,327-229-9122,8653
84,Joan Mccollum,984-52-4328,40591-5461,517-482-2947,4170
85,Kevin Morrison,903-02-8100,99886-0025,145-637-8673,7595
86,William Schultz,367-13-9104,24801-4955,373-299-8199,4696
87,Naomi Wolfe,253-11-6067,83809-3057,196-814-0349,1879
88,John Murphy,842-41-8560,22250-9139,603-284-6991,3455
89,Jean Crewe,967-84-3288,20844-7787,140-735-4114,6701
90,Mark Rasmussen,967-69-3464,31554-1301,589-044-8953,1976
91,Tommie Pearson,674-66-4898,93454-8580,953-485-7895,7430
92,Donald Hasting,636-32-2588,34027-1733,693-543-5514,5516
93,Tammy Lewis,289-46-1104,06683-6208,770-704-7798,2743
94,Lillian Wei,203-37-6791,97546-1463,533-558-4515,7326
95,Lisa King,997-55-8332,51258-7600,736-040-1179,4491
96,Rachel Frazier,360-68-2508,63522-2308,189-234-3081,1084
97,Marty Cowart,213-48-6526,92652-2305,321-281-5181,5185
98,Cristina Zombory,223-24-0807,07563-1853,771-551-2866,7703
99,John Thompson,518-72-0509,19817-1962,656-415-3737,8680
100,John Smith,679-35-9384,52960-9954,349-526-1447,4026
101,Amber Mccoy,850-41-3866,12309-4610,123-784-5999,9195
102,Francis Tedesco,870-03-0906,10726-9449,113-185-5051,1341
103,Jeffrey Doyle,133-03-3825,76101-1633,511-487-0985,4602
104,Bertha Rivera,913-42-1836,28430-4951,248-687-5970,3166
105,Ronald Anderson,745-95-1497,52816-2820,926-780-9764,1484
106,Geoffrey Salas,391-33-7646,69607-7416,226-314-2386,7822
107,Michael Whitaker,159-98-1748,92099-4372,492-685-6881,449
108,Alan Miyao,533-30-4340,44265-2861,778-877-7986,666
109,Victor Walker,377-99-9683,84776-6614,580-332-9303,4966
110,Ashley Mcmullen,714-94-1814,34195-2904,273-256-5633,3104
111,Robert Chance,238-70-1933,21212-1404,425-634-2815,1802
112,Betty Grimes,479-47-4380,27711-8522,689-417-6263,6151
113,Letha Escobar,474-07-1027,46868-7469,441-813-5353,4796
114,Adele Licursi,518-38-5937,86331-1488,965-763-8894,8048
115,Justin Aversano,386-01-2259,43517-8460,934-418-2343,1945
116,Edward Rothenbach,601-43-3613,55618-4953,553-082-4980,9165
117,May Brown,309-10-6950,60117-0922,492-201-0412,4637
118,Wade Kilpatrick,455-69-1196,18353-5721,811-535-7196,2884
119,Lance Tinsley,265-23-3824,22984-8184,326-314-0175,5150
120,Elizabeth Thompson,960-71-1455,29645-3788,776-010-4791,1021
121,John Baker,393-91-8206,08543-2059,731-833-0011,1554
122,Mary Messing,879-49-0959,57668-7115,974-064-9831,303
123,Tonia Colyer,741-46-3527,13045-5911,346-528-5431,8065
124,Nga Lehman,572-76-9253,98515-3682,470-360-1380,3510
125,Roy Hughey,306-60-8280,15870-5282,627-791-9531,9944
126,Clifford Vorhies,204-57-3222,17561-3266,954-287-0356,5412
127,Paul Yannone,459-78-5131,31046-8966,239-061-1131,6699
128,Ollie Rouse,449-92-9868,41216-8136,994-565-5472,3966
129,Dolores Porter,733-04-6948,45019-9663,997-079-9669,367
130,Earl Smith,870-83-1749,83557-7884,850-276-2372,3979
131,Donald Esposito,423-50-6917,66100-4423,452-805-9514,3867
132,Elizabeth Heitmann,482-31-2175,38796-0299,759-252-9731,7991
133,Verna Barton,971-48-6147,81655-2953,106-448-8941,7890
134,Barbara Ferrer,497-91-9164,35597-3207,448-439-6513,5405
135,Joseph Wellington,388-91-3103,65599-8986,803-394-7583,8513
136,Barbara Brown,911-27-1121,92947-1805,792-120-8629,9707
137,Karen Stumpff,919-49-3400,40865-7205,105-453-4269,3031
138,Stanley Collins,287-25-0798,22805-1798,795-117-5882,5316
139,Denise Fultz,445-49-1033,06363-7460,175-503-5484,3905
140,Tina Lee,968-14-9914,69489-8659,640-405-6207,7882
141,James Mcgregor,661-80-0761,73593-9221,203-547-0010,922
142,Ernest Walker,473-20-2690,71639-6157,283-421-6637,5500
143,Laura Coelho,466-60-6804,55028-5202,453-035-0943,9275
144,Dorothy Taylor,447-39-4738,79719-5536,859-625-2600,9837
145,June Murgia,429-55-2801,29719-5421,462-184-7492,883
146,Delmar Meister,562-87-2261,64799-2373,397-631-7914,468
147,Francis Adams,778-60-2287,68109-0427,768-730-5124,5429
148,Paulette Okura,519-70-5774,96785-7895,895-306-1659,257
149,Ryan Spitz,424-16-0492,18324-0023,472-178-8096,8105
150,John Burnett,820-19-5856,11016-9208,137-719-7501,8756
151,Amelia Rosario,433-86-3334,02454-2267,905-443-4389,8846
152,Moises Siebenaler,225-92-4744,14337-0901,478-200-0116,6967
153,Walter Zoellner,471-79-0793,42091-5110,481-253-9992,8259
154,Joseph Hassler,196-90-7175,87489-3176,641-119-3373,8479
155,Cindy Toscani,993-82-9021,08219-0786,911-393-5046,4837
156,Jeffrey Sheldon,995-82-3776,99402-3765,274-031-6869,277
157,Boyd Robles,116-59-7799,95939-2906,906-826-6108,1180
158,Jose Morris,167-31-1246,47165-6273,731-470-2917,9084
159,Roberto Pace,309-27-9804,85121-8687,692-417-4849,1382
160,Patricia Dabadie,302-46-6087,81212-6032,299-835-9187,9898
161,Dianne Harris,107-39-4585,54883-3438,776-275-5646,6978
162,Michael Foltz,970-87-0158,51398-0650,753-622-5121,286
163,Doris Smith,447-80-0973,78163-3654,484-616-9848,4460
164,Duane Jackson,452-22-6730,74575-0121,818-802-9534,415
165,Richard Alexander,180-94-7104,58448-0177,529-737-1852,235
166,Miguel Harvey,662-89-2381,54382-2515,486-211-0590,3616
167,Saul Tucker,775-59-7796,26367-1039,807-820-3417,702
168,David Hernandez,649-86-5148,75878-2119,602-674-5527,5394
169,Deanna Gardner,113-48-0380,41472-4597,619-234-9122,412
170,Romeo Flowers,184-60-7966,38647-7413,866-256-8046,4308
171,Tarsha Jacobs,824-01-4055,44859-8580,871-731-7811,8074
172,Sharon Tomidy,639-08-1784,54178-8048,355-781-1796,9996
173,Jack Silva,487-13-6714,43213-4362,236-154-4446,6714
174,Wendi Sweed,230-62-9421,67683-4987,891-801-5195,4246
175,George Burns,680-39-9381,58152-8753,231-798-0687,467
176,Mark Guerra,495-01-8705,43526-6576,683-700-9427,7940
177,Byron Michaels,132-74-3556,87903-5495,827-514-6151,4599
178,Jennifer White,270-77-2908,52899-4593,269-385-7612,7125
179,Christine Rich,573-23-7416,91321-0234,992-869-0661,8622
180,Fred Fuller,295-02-8280,28056-7651,363-480-6042,8113
181,Maria Mcmillan,885-06-8341,98661-4896,745-314-6395,8127
182,Katie Carmichael,581-63-6364,52843-7022,726-443-8557,6654
183,Beverly York,374-84-7439,96906-2127,166-430-7687,6713
184,Anne Nunez,446-79-9991,23447-7821,861-312-4072,8222
185,Maria Bennett,657-84-1629,24951-2799,118-427-4811,8902
186,Daniel Dow,878-22-9428,81858-3162,723-853-7334,3577
187,Shane Chan,788-84-0666,10214-4435,686-607-7905,5109
188,Sharon Atkinson,558-63-7859,65877-8295,495-704-5436,7771
189,Thomas Hurley,373-55-3693,21471-9622,844-359-9909,5846
190,Brian Cerda,881-06-0513,24242-7946,928-131-5653,5854
191,Dennis Bryant,850-95-5364,15911-7886,415-591-7551,9747
192,Cory Cardenas,491-63-3858,32521-7112,246-531-3357,2865
193,Mary Lynch,720-76-0379,24076-1905,414-088-7496,9324
194,Pauline Morris,647-81-3272,07130-8453,243-258-1911,5723
195,Maria Crabtree,680-43-3184,05011-1473,268-369-8401,3694
196,Justin Dyer,808-20-4822,97833-1548,820-489-9481,925
197,Michael Neira,646-69-2978,77500-2251,141-566-9825,1924
198,James Skinner,547-80-1735,19286-9224,288-693-6871,9463
199,Jacqueline Kellam,817-33-6285,27507-5884,748-206-4395,431
200,Debra Ottinger,322-09-6056,47999-1637,109-647-9688,5645
201,Billy Brown,940-51-2446,12556-6172,458-002-5223,2481
202,Marie Sharp,890-87-6737,64001-2059,980-337-1620,5907
203,Cameron Standifer,927-69-8026,43994-9396,758-197-1474,8771
204,Jose Mccoy,206-34-6917,68455-3329,656-392-0686,9027
205,Roy Reynoso,465-47-6540,79591-3667,496-730-9472,4810
206,Jose Mcnabb,464-98-6742,78275-9341,394-252-2068,6360
207,Margarita Gillaspie,787-34-0116,58194-9881,971-572-1625,7529
208,Stephanie Ballard,313-59-6013,37614-1564,454-821-9140,7344
209,William Segal,319-12-5190,18394-6855,314-706-3103,7962
210,Kathy Cote,112-49-6857,12523-3089,771-770-8513,434
211,Gloria Sweet,308-76-6966,94014-2135,522-842-2655,8287
212,Jessica Covington,354-84-6871,23321-4354,547-772-0319,1992
213,Florence Donaway,425-15-0277,36126-5320,381-258-1397,386
214,Christine Wieland,312-82-4882,22170-7301,102-463-4833,9577
215,Lyle Cole,176-28-4945,93125-5506,382-797-6004,8721
216,Annie Eis,187-27-2620,71596-1640,141-429-0534,6066
217,Nelson Bille,341-74-7120,98905-1481,734-044-3232,5018
218,Norman Desrochers,752-42-4803,51944-0189,722-002-2375,5468
219,Mary Brown,934-21-3939,08166-3091,188-207-8375,6836
220,Porter Steedley,764-67-8096,45018-7131,757-405-6672,913
221,Miriam Gomez,107-97-2153,32535-5422,813-324-1772,809
222,Michelle Walls,597-83-1088,56031-9654,203-658-3964,4931
223,Rose Santiago,103-40-7263,16240-5378,423-086-2940,2462
224,Betty Reidinger,842-35-3237,08586-7893,283-546-3858,4549
225,Joe Baker,627-70-2300,79695-8081,821-498-8601,8021
226,Eric Liddle,743-88-5584,38920-4015,725-618-1535,5507
227,Marilyn Connor,412-18-3031,50281-0968,542-579-8410,3349
228,Shane Ashley,892-42-6610,45202-5433,337-522-5482,9855
229,Harry Miller,825-38-5736,22153-1472,377-528-6257,3714
230,Patricia Garnett,561-62-6794,73445-4524,554-112-9276,9401
231,Ronald Tunnell,281-77-7437,60057-0102,100-668-6699,9354
232,Joseph Kim,314-34-6873,81312-2617,994-083-5647,713
233,Jacob Muniz,767-56-8037,18512-9140,914-302-8931,212
234,Lula Steier,163-44-8052,74364-5534,857-060-0770,8965
235,Tina Lachance,451-81-0803,89144-7442,480-187-1620,8207
236,Michele Jamison,431-64-5979,90870-1108,352-368-8507,9142
237,Deborah Duncan,756-81-7190,51060-4453,951-036-5435,5795
238,John Glover,168-12-8763,61370-4641,661-242-9379,8892
239,Lucy Roberts,390-84-4844,03819-6627,329-325-1466,2361
240,Constance Teano,738-56-5593,03116-7466,988-692-1323,9008
241,Eva Ellis,770-83-7457,14587-2160,156-102-5264,7416
242,Edward Lee,214-45-7323,39397-5400,611-400-6618,6817
243,Hector Rodriquez,761-53-8953,39036-9943,609-351-5883,9078
244,Maryanne Dunn,133-51-8875,20388-8016,746-048-2162,9098
245,David Martin,459-82-0107,58285-0114,559-096-8898,8617
246,Sharon Foster,462-03-9698,79824-5319,449-140-6771,3554
247,Catherine Goto,581-65-6975,20345-6785,450-033-7277,2538
248,Crystal Craghead,325-88-0966,03494-4895,516-626-2827,6540
249,John Mellow,412-66-8789,23383-9464,465-478-7621,6953
250,James Cordova,299-78-8820,20535-1283,345-364-9518,81
251,Linda Altom,996-28-1881,55204-8388,737-795-0213,3744
252,Phyllis Wright,617-52-1934,59352-8753,792-592-3604,6869
253,Joseph Pelchat,662-07-4299,84097-2272,891-835-8910,266
254,Jose Davino,426-44-0837,55070-5564,177-253-1471,8286
255,Annette Tefft,562-88-2448,17331-9202,721-183-6828,3696
256,Patricia Brooks,620-76-0298,47130-9681,551-247-4935,3974
257,Jessica Bullion,712-84-9921,22088-1351,728-688-1766,5439
258,Oleta Obrien,724-53-4101,12179-3970,104-506-0960,8009
259,Margaret Geimer,593-35-8723,14727-3314,116-160-0856,1990
260,Kyle Loehr,790-29-4813,62700-3138,907-726-7844,8990
261,Marjorie Matthews,266-32-3296,03631-6164,237-199-7111,9757
262,James Ralston,602-95-3977,43229-4331,250-817-0650,8434
263,David Hutchinson,349-99-4437,46536-9666,309-169-9174,2568
264,Paul Thibeault,937-45-3087,33119-7257,832-023-3419,8776
265,Francisco Reece,685-92-5341,68051-0629,168-158-8815,4336
266,Michael Epstein,252-09-6299,40832-7304,898-005-3264,7936
267,Trenton Tovar,298-98-3368,56818-3651,510-799-9052,8050
268,Leonard Cepeda,948-79-9890,99215-7763,926-677-7824,5332
269,Jessica Carstarphen,313-49-2675,01946-8549,810-640-0153,4742
270,John Silva,597-89-4939,78129-6481,828-473-8566,7067
271,Angela Edward,729-11-1565,93525-5521,509-278-0366,5689
272,Michele Mitchell,885-92-5042,28098-9220,885-877-7199,2050
273,Keith Haynes,323-04-0894,45729-4811,821-748-2862,9257
274,Rafael Phillis,457-12-7376,21330-2901,597-883-3246,7574
275,Bennett Hurt,397-40-8068,95202-4606,175-199-7609,5367
276,Michael Griffin,485-36-3646,26175-1947,131-333-6332,5428
277,Joanne Pilcher,792-72-6089,46202-6193,967-121-6523,1848
278,Joseph Gonzalez,643-78-1790,20230-4945,286-395-9986,8178
279,Bill Reese,741-42-6435,33510-2748,844-559-6931,2079
280,Ernest Bensman,478-16-8767,53179-0454,419-182-6764,2372
281,Carlos Williams,892-19-7784,87432-1273,665-274-8586,4849
282,Dawn Holland,724-76-6303,24354-6396,944-124-6812,9761
283,Samuel Bell,639-45-4370,53964-1284,958-757-1440,4977
284,Raquel Nord,646-20-2240,10075-9330,458-653-0151,2802
285,Marsha Harris,929-10-2513,32763-8777,895-555-7886,3277
286,Jeremy Fears,195-33-0733,08833-3538,403-747-6392,3343
287,Leticia Barton,808-83-3601,42469-7418,682-453-8128,6874
288,Richard Neal,770-65-5832,73124-9958,464-828-7810,5379
289,Edward Koch,845-50-9161,12862-2778,617-518-4002,2483
290,Christopher Savoy,456-95-1731,20918-9923,127-372-3765,609
291,Mary Naquin,815-95-8244,77114-9967,940-254-5044,218
292,Randall Collins,823-75-7701,06337-7175,999-260-7060,9075
293,Patrick Taylor,125-26-8898,34101-3503,547-285-4618,9802
294,John Ortiz,923-53-0339,70336-0998,229-026-3966,474
295,Elizabeth Taylor,522-86-6967,64697-1201,238-627-8151,121
296,Karen Polan,703-71-9157,02205-0800,309-576-9059,6289
297,Louise Goodman,349-14-1316,77886-3082,987-680-8111,8905
298,Philip Koons,980-44-6801,22457-8071,611-057-9029,7142
299,Rose Keith,644-40-3513,98916-3265,583-046-0289,3906
300,Elaine Rochon,605-60-2828,68286-4767,814-740-1649,7313
301,Jodi Tovar,746-83-9563,75351-9305,803-865-3739,8663
302,Jose Nash,701-37-8536,11487-2464,689-080-8834,1530
303,Harold Christenson,653-61-5968,48850-8936,347-156-6949,461
304,Robert Boyd,200-93-0031,00107-5479,682-676-4985,6889
305,Thomas Williams,448-98-5692,85926-5076,904-846-2323,2701
306,Marcus Blansett,570-20-8720,71637-3706,750-671-3507,7173
307,Herbert Nixon,380-07-1028,76122-4978,365-629-9361,6051
308,Russell Stein,562-24-8091,01596-9404,570-301-4596,8394
309,Eugene Brown,770-39-8359,54081-5801,250-704-4180,4713
310,Teri Pray,255-21-9708,09291-5386,331-561-6830,7531
311,Martin Angert,172-87-3948,36694-5669,311-252-0653,4186
312,Maria Garza,613-88-2650,13165-4922,620-799-2227,6933
313,Andrew Goldberg,571-05-1983,73935-2443,988-282-9654,175
314,Alexander Melton,926-67-5773,46151-0629,468-228-4328,1467
315,Janis Bekins,869-43-7005,94799-0238,919-225-0299,5208
316,Donald Bulle,458-30-1845,84136-9781,636-618-1232,7704
317,Thao Batton,956-53-7955,52491-0139,604-276-8835,2518
318,Gabriella Brown,836-78-9477,56619-3825,322-032-5848,6657
319,Billie Mcclain,625-12-9389,56446-9344,487-430-7214,7985
320,Linda Carpenter,716-92-9717,60951-4816,668-384-7009,2006
321,Thomas Getz,578-39-0497,00553-2876,825-793-4268,3432
322,Kaycee Saville,449-69-7853,90438-9387,386-554-4763,1973
323,Janice Tuohy,221-85-9188,59546-8814,967-690-5558,268
324,Kimberly Matos,836-39-1683,08853-0225,690-298-0061,8378
325,Mercedes Durtsche,728-48-0682,87666-0717,851-857-0055,1856
326,Harry Cargill,895-75-2975,11913-2087,474-735-2039,2500
327,Sandra Huppert,910-40-2985,51562-6286,484-863-5803,1726
328,Kenneth Shubert,448-62-3671,78348-2872,710-511-7862,630
329,Adam Miller,488-44-8816,96207-3603,820-375-9101,3964
330,Damien Quinn,939-02-6105,85315-8979,914-160-2589,1904
331,Ann Ostrowski,446-73-7313,14091-0489,118-405-9679,1827
332,Mirella Smith,309-59-6823,05359-6464,350-861-1738,1432
333,Nicholas Dudley,679-95-9426,53133-4637,879-144-3290,2286
334,Flor Kreitner,423-56-7023,22434-6231,409-282-7619,1414
335,Germaine Hodgson,589-25-2616,03447-5224,711-740-4231,3125
336,Hattie Barnes,591-07-3146,82586-6881,331-310-1008,8901
337,Martha Stults,143-64-0022,67998-3294,631-148-3748,5107
338,John Dehart,263-14-2678,67356-5838,713-361-5482,9251
339,Lamont Clemens,631-28-1837,78099-4032,953-808-9323,8124
340,Inez Carroll,802-16-7015,88822-0529,305-495-1911,9467
341,Mary Spiers,293-68-0352,54420-8069,748-510-4142,2868
342,Coral Mccollum,265-49-2631,67227-0782,307-404-6708,9611
343,Laveta Henderson,221-54-5496,26211-5543,144-445-1002,4371
344,Bernadette Dirksen,625-98-3693,59994-3016,489-073-7598,3059
345,Lewis Stowers,791-59-0978,74436-3231,951-831-3395,3238
346,Jean Guidice,213-15-3263,27834-0585,759-688-5359,259
347,Katie Massengill,637-14-1706,26218-1953,122-860-2333,5434
348,Rudy Flowers,675-92-1399,38490-5301,553-517-7526,9234
349,Manuel Locklear,733-11-0155,43247-4994,794-431-8296,7572
350,Mary Salem,284-33-7502,18859-2958,136-134-2450,5814
351,Daniel Wyndham,694-68-2395,75547-6801,919-227-8040,1077
352,Jennifer Hendricks,416-85-4811,36137-0906,871-076-0750,7781
353,Shauna Ledwell,958-74-9250,50146-1811,170-551-0468,7481
354,Armand Murphy,726-29-5278,99191-9321,102-559-5321,5960
355,Bert Gamboa,384-98-2143,65233-2660,779-068-5930,562
356,Amy Duffie,849-82-8116,49806-3637,146-222-7704,8636
357,Bernice Robinson,270-43-3273,53742-6344,661-073-9485,3182
358,Patrick Hellman,344-17-6451,16873-9177,304-809-5066,1159
359,Tommy Singleton,585-49-0991,82815-7251,415-031-3640,3474
360,Dora Kreps,703-24-9981,81649-5942,596-653-2926,7809
361,Evelyn Kiser,910-03-4613,06030-8599,878-244-5633,2587
362,Diane Williams,200-07-7019,29847-3537,741-055-1010,1877
363,Tessie Carter,134-20-3463,67241-6547,961-883-7408,7339
364,Lawrence Thornton,412-10-3167,63731-3675,424-551-6171,8350
365,John Abercrombie,120-74-7372,74942-1282,147-045-8451,202
366,Linda Midden,487-56-7754,70817-1820,116-190-9025,1835
367,George Beckstrom,312-36-1226,20091-2707,173-248-8000,3384
368,Theresa Turner,831-46-8056,39758-0462,795-803-9076,1516
369,Timothy Brewer,537-43-0288,41830-1865,666-514-3916,6491
370,William Bertolino,773-05-1886,17197-8656,160-226-7249,495
371,Myrtle Cundiff,706-77-7710,81142-2945,111-129-0717,2306
372,Ricky Helton,550-26-7334,71629-6818,272-464-3876,6084
373,Anh Burgess,615-01-4129,33608-0217,584-098-5238,4794
374,Robert Torres,351-06-3742,48029-2257,795-546-7041,4023
375,Sarah Matthews,952-97-5182,05831-8440,763-587-7268,612
376,Sheri Piper,908-93-8298,28333-7287,877-584-3933,1957
377,Sana Sanchez,383-97-0543,87433-4425,353-069-4383,5295
378,Rhonda Brown,500-47-3407,54625-0983,851-385-7922,3754
379,Alan Jones,349-25-5176,98495-4083,501-678-2955,3388
380,Darla Jackson,118-80-1726,77246-4363,395-726-4796,4261
381,Audrey Branam,150-12-3590,25323-5526,984-619-4291,9525
382,Alfred Kostura,920-46-9796,87312-1721,105-218-3683,6401
383,Jerry Fournier,839-14-8770,91013-4393,336-479-0113,5748
384,Andre Salazar,500-35-3270,64497-6081,191-856-6500,8754
385,Robert Salmon,923-24-7183,38512-0953,430-070-8141,3662
386,Julie Frank,562-59-3587,34716-1766,110-732-5999,3667
387,Aide Schug,996-76-1536,47077-4665,561-676-8115,1946
388,Michael Bassetti,889-65-8987,25527-5580,150-282-9243,9759
389,Barry Johnson,286-89-2038,30487-3952,793-279-3315,9661
390,John Boren,926-44-9571,26117-3081,277-616-9156,9135
391,Krystal Pelcher,288-10-4252,89790-6201,359-259-8404,2540
392,Ronald Maston,830-97-7097,15948-8765,190-814-1730,4819
393,Timothy Woodward,410-27-2183,32956-2768,517-387-8659,9811
394,Pearl Nava,211-88-3987,45395-6401,164-791-5700,7398
395,Denise Jones,754-27-5075,03521-8743,758-634-4346,5882
396,Michelle Underwood,358-07-1753,87693-0717,972-271-7040,6074
397,Susan Williams,935-19-8915,70078-7107,556-460-6697,7397
398,David Quigley,611-34-2207,89773-1795,518-723-6847,3807
399,Kenneth Holtzclaw,185-15-3292,33284-3294,359-804-1678,5956
400,Robin Bormann,937-80-8276,67001-4926,252-783-8843,5530
401,Bethany Trombetta,354-29-2154,96530-1407,643-570-9513,6152
402,Mary Frey,563-26-8143,13707-8195,529-830-0305,9863
403,Steven Neilan,994-80-8121,55337-9058,425-188-6554,239
404,Florentina Sanchez,205-47-6952,46258-2941,984-744-8617,2476
405,Julissa Smith,657-23-0023,19320-1998,830-308-0579,6182
406,Sandra Hamlin,519-83-9357,37632-4829,814-833-5302,7615
407,William Dance,724-17-9705,22802-7964,795-763-0205,5937
408,Alan Reyes,826-17-6394,38596-4049,130-014-4064,7681
409,Lashanda Hanna,477-93-8694,70646-9508,475-207-1220,4651
410,Linda Warren,657-26-3346,90405-3942,311-867-0691,1478
411,Diane Gural,467-29-8187,10182-7826,321-662-9752,8954
412,Shirley Dubberly,932-82-0818,25262-5871,701-191-5680,1730
413,Cheryl Nickerson,893-53-9908,55899-4401,663-556-4574,5872
414,Clara Johnson,798-60-0689,42953-1693,528-818-1695,2936
415,Norman Stowell,653-42-3299,18409-7596,810-506-2479,8789
416,Buck Johnson,422-21-0467,82233-5755,535-617-0120,9956
417,Wendy Brown,433-63-1199,66406-2125,467-181-9603,902
418,Roy Parker,670-79-6594,08217-7552,589-342-0126,5871
419,Stanley Wong,940-40-9392,52566-7900,100-273-3453,6860
420,Larry Addison,650-23-3691,41797-9990,638-589-8961,5743
421,Jennie Mitani,780-03-7790,40838-7932,870-181-6434,2212
422,Wendy Salgado,218-90-3375,18475-4644,721-486-9239,4029
423,Michael Matos,556-38-9665,05980-6729,969-503-3328,341
424,Lucina Browning,411-38-0118,90435-1087,328-377-7919,9642
425,Brenda Norton,820-79-5751,60763-9724,704-372-8951,8708
426,Melissa Langley,376-86-1496,23266-1117,541-534-4836,7851
427,Christian Lozey,115-77-0410,99992-1850,546-258-4650,2161
428,Monica Heck,579-07-2448,51628-3790,601-619-1537,7090
429,Greta Chavez,187-08-4208,38256-1758,856-717-0770,3933
430,Socorro Atkins,418-94-1212,55749-9560,104-771-4388,8474
431,Albert Carol,164-11-3670,38706-8867,498-536-6448,4449
432,Francis Williams,927-76-9990,04080-9274,296-672-0942,2524
433,Toni Gayne,135-81-5127,06427-6624,485-585-8610,785
434,Ione Bigham,441-78-9968,97232-6757,772-023-5325,8836
435,Sandra Daniel,574-04-8716,68651-6026,608-840-4040,7773
436,Sandra Harkin,948-87-9960,29796-4021,471-549-5419,7802
437,Jan Hernandez,851-63-6622,21371-1776,767-605-1013,820
438,Teresa Withers,396-79-0425,15291-8771,826-035-3646,9260
439,Melanie Freitag,344-46-5741,79331-2383,551-420-8141,6580
440,Alejandro Spencer,948-42-2797,38791-5871,844-284-4630,2379
441,Carolyn Reinhardt,529-25-6473,63622-8369,711-862-1432,8791
442,Anita Brown,153-04-4392,32270-7080,118-886-4182,6995
443,Kathleen Patch,888-78-8912,19541-9801,192-871-1732,1944
444,Nancy Young,318-39-2486,78490-3063,342-545-9451,875
445,Donna Shannon,710-02-6586,44781-2972,431-236-2693,186
446,Norma Koontz,938-33-4061,99721-0357,602-812-6756,1264
447,Greg Fitch,119-06-2913,43875-2455,885-122-5791,3304
448,David Diaz,867-58-9753,13481-8412,944-830-0771,2171
449,James Carter,252-29-5380,41222-9936,195-158-2039,9357
450,Evelyn Denise,404-84-6412,32489-1675,975-829-1791,8262
451,Kay Ball,613-90-1278,96301-9207,967-816-6285,5416
452,Charlie Dammeyer,625-61-3606,13621-7824,596-396-2857,4552
453,Antoinette Arnold,374-34-0550,68549-8086,427-508-0404,7412
454,Edward Plummer,965-47-9446,37546-5492,645-789-3164,2396
455,Ellen Campbell,404-73-4182,80772-1485,416-338-9663,4793
456,Roxy Gilreath,338-90-5031,27364-0678,936-670-3919,5552
457,Angela Beek,440-68-4790,83085-6619,273-395-8246,3470
458,Teresa Klish,380-49-7950,33938-8393,704-304-4393,4481
459,Jay Piccinone,214-90-1262,93146-5572,206-880-6389,5718
460,Rodney Sanchez,527-26-2879,28805-9639,634-778-5653,1497
461,Adam Hein,801-87-3422,44601-4266,183-738-4329,600
462,Jeffery Chapin,380-48-8589,94764-1088,483-214-9711,6504
463,Billy Templeton,553-83-7225,59003-2086,799-442-5677,8317
464,Christopher Polley,818-80-6720,05012-1587,194-003-7839,8897
465,Kevin Troutt,315-70-7284,57573-4605,810-759-0420,7796
466,Michael Flowers,969-44-1551,99986-5485,349-075-4800,7522
467,Frances Frame,854-28-7826,33321-7270,789-116-9272,9353
468,Bertha Stone,417-76-1726,02344-5625,358-444-0861,3256
469,Tricia Freeman,952-03-0518,96023-5265,358-835-1745,9734
470,Willie Dismukes,173-87-3834,83640-3974,818-735-9442,1219
471,Dustin Mcdermott,667-55-5255,46251-5932,485-215-8760,7810
472,James Ralph,614-13-1492,46979-6148,482-215-2496,2000
473,Nick Pritchard,594-38-8119,26390-0286,969-469-1141,4289
474,Scott Gaylord,578-08-5072,51616-9520,652-386-1995,7627
475,Mary Carter,655-84-9010,70575-5050,615-186-8501,9844
476,Carol Mcintosh,986-61-6079,52494-9878,964-116-7330,4062
477,Carroll Gressler,735-61-2085,02884-8931,315-179-5125,9992
478,Shawn Bond,780-70-3712,15573-5149,982-756-2576,6959
479,Henry Rosario,751-07-7365,03171-7112,713-005-4909,9095
480,Stacy Bradley,680-31-4096,18792-1520,546-426-0754,5969
481,Anita Ayala,706-30-0568,16388-0832,296-576-1208,6618
482,Ruth Richey,390-15-6326,86037-9115,975-820-8126,9025
483,Donald Royal,444-54-5662,38250-3228,983-184-3768,4533
484,Andrew Sampogna,245-76-6288,98804-5923,570-812-7567,699
485,Nicole Thiboutot,567-17-6796,31774-9261,112-403-1834,5386
486,Christopher Wells,261-30-0623,10860-3654,991-269-3518,2052
487,Mark Erickson,482-60-7438,87515-7094,699-396-3080,8460
488,William Simson,216-88-5396,41600-4697,190-104-1961,2869
489,Harry Flores,365-77-2129,02717-1065,513-763-3404,955
490,Isaac Chin,849-91-4873,60403-4507,419-016-1904,1262
491,Cassandra Hall,137-26-8584,82932-6252,471-823-8653,3852
492,Debbie Harju,399-34-3897,28024-2629,325-580-0481,3759
493,Jeri Billiot,183-59-1857,95063-7421,499-039-2259,8896
494,Charles Wetherbee,644-63-5259,01424-2587,206-141-1241,8935
495,Pamela Smith,991-24-5011,00344-2732,556-377-3538,8882
496,Cinthia Thurman,615-14-0056,74955-0814,736-169-4387,7708
497,Maria Bowman,308-29-5948,12036-6059,935-877-1333,7970
498,Shirley Gross,651-23-6112,07117-3678,975-671-6825,8341
499,Gracie Campbell,924-43-3789,29644-8133,428-735-4764,1639
500,Ona Radcliff,417-25-8422,33471-5114,766-322-9307,5798
501,Wilma Kugler,877-08-6202,74160-6137,661-784-1882,1617
502,Rose Baker,362-38-6347,96522-8789,803-246-3116,5436
503,Gary Montes,375-11-0945,41091-8146,515-420-2320,3274
504,Cynthia Merriweather,100-75-2171,80835-8288,711-887-1262,7371
505,Andrea Becker,333-72-0014,06547-3995,860-246-3652,1474
506,Luz Toole,652-93-2090,17027-3489,399-729-7135,1476
507,Justine Forbes,702-80-4721,30423-1610,395-420-0813,1979
508,Lisa Sanchez,777-23-2630,18406-1730,910-643-1023,7857
509,Marcus Gate,698-63-0615,05443-9839,502-402-4595,2394
510,Tiffany Young,771-64-9761,73350-1500,926-027-6595,7712
511,Georgine Frederick,418-71-3910,77328-7106,204-007-1851,4835
512,Dionna Friou,794-92-5859,59396-7372,677-021-4674,1449
513,Leonard Blue,222-27-3615,51835-0231,145-020-6281,7393
514,Angela Quick,257-20-4583,96470-8587,665-636-9211,2174
515,Robert Barnett,628-62-5015,82016-5223,882-147-7997,9914
516,Andre Leblanc,557-38-3157,92179-8555,196-806-1490,8351
517,Benjamin Brown,451-27-2213,27621-2077,686-051-6691,4266
518,Christopher Lail,572-62-2677,80034-4907,310-254-3871,8356
519,Michael Greenspan,624-29-7053,72603-4816,932-801-0002,2149
520,Mary Troendle,498-36-3571,88186-6585,174-098-3570,9678
521,Jason Smith,456-84-5030,77965-8548,894-671-3438,3112
522,Elmer Leyva,573-87-2170,99278-0824,550-878-6089,1208
523,Robert Odom,816-56-6174,60034-9350,651-348-5710,682
524,Ryan Asher,559-53-3457,74299-4054,844-683-0172,5072
525,Elizabeth Ramirez,729-07-4187,51466-4324,545-399-6211,4574
526,Joseph Bullock,682-67-0823,72967-5039,707-496-6820,7887
527,Meghan Estes,773-62-9447,96723-1983,434-843-2494,3850
528,Rosann Brown,985-07-6759,41156-9394,107-223-3429,7449
529,Mary Moss,736-77-2854,92362-4190,511-407-2136,8482
530,Alisha Dayton,128-02-9781,91243-8417,861-870-8031,3309
531,Billy Robinson,358-23-1129,35023-7410,884-274-9203,5978
532,Bradley Armstrong,937-05-4469,58546-1692,654-805-0732,6219
533,Bobby Sumpter,440-03-4903,76960-5097,526-832-5318,3507
534,Kimberly Havercroft,967-51-1682,42295-1250,293-018-6796,6984
535,Sarah Mcdermott,488-53-5419,93875-7139,430-183-1903,8440
536,Willie Appel,869-27-4076,44680-0112,769-248-5202,9847
537,Lisa Walquist,268-78-7265,14212-5392,504-692-5217,2270
538,Ruth Stacy,943-50-5146,77181-1728,424-188-3198,1190
539,Larry Holloway,943-58-8764,73038-3218,884-602-4071,9588
540,Jeannie Busbee,854-19-9328,74825-0083,939-385-1786,3806
541,Amy Boyle,199-95-4628,02397-0297,494-789-9687,6976
542,Mary Miguel,563-80-1900,40648-7580,674-644-9771,4982
543,Keith Desorcy,239-39-8761,14440-8468,353-761-4910,3389
544,Shirley Dixon,354-84-8197,87286-0328,108-820-3001,4791
545,Emily Freeman,449-99-6723,65489-3876,701-309-5932,2430
546,Jean Pearce,686-43-1108,35958-8433,430-522-5513,2590
547,Linwood Quintero,996-47-8074,39502-4328,705-419-7240,4499
548,David Sebek,114-15-2413,26319-6577,287-358-1404,5858
549,Mickey Sanchez,239-86-4194,79090-7322,353-375-5930,1752
550,Steven Cornish,383-17-3922,62489-5027,304-814-0639,2359
551,Warren Mcgowan,265-45-5590,43382-0245,434-528-1544,6017
552,Jose Jenkins,799-65-3633,99428-9441,483-880-4119,9001
553,Linda Magos,983-97-3848,79100-9847,680-645-0393,6891
554,Darcy Hatley,704-06-8430,38588-1749,186-283-2218,1840
555,Joel Sanders,783-25-8919,44790-1494,550-283-4832,3380
556,Helen Beane,600-48-2853,20128-6308,962-076-8780,5951
557,Madelyn Jean,504-61-8120,59816-4297,179-609-2285,6193
558,Steve Jones,308-58-8951,45701-4561,701-123-1073,3057
559,Carissa Scherrer,493-90-4950,81884-3630,644-251-9760,3045
560,James Taylor,332-16-8455,93011-3000,157-134-9208,6530
561,Eric Shively,845-60-6795,72243-7444,444-706-1576,4214
562,Antonio Allen,736-94-4463,61141-4245,177-806-2302,2441
563,Ione Hawes,423-12-1599,62358-1540,873-591-2868,708
564,Tameka Wolfe,884-20-3712,10883-2826,951-787-5732,5912
565,William Healy,606-69-2948,72454-0856,237-267-8652,4263
566,Priscilla Atkins,160-59-3041,32896-5902,585-669-4550,7716
567,Lorna Mooney,638-96-7877,43573-5898,350-717-8816,5262
568,Charles Hernandez,232-04-3900,07474-6290,876-004-4827,9818
569,Kermit Ayala,291-26-9836,87856-5591,319-358-3202,2807
570,Deanna Myers,132-44-5727,22809-4666,491-506-5366,3473
571,Marsha Williams,895-62-5074,62406-0727,361-014-9753,1113
572,Robert Patel,907-43-9257,70856-8263,906-149-4345,1001
573,Charlotte Negrete,443-42-1400,39693-5231,335-312-4914,3074
574,Juan Sealock,409-82-6636,35406-5241,243-254-5322,385
575,Judith Huerta,175-89-8029,09844-5719,255-575-1417,8169
576,Jeremy Cassady,732-82-5213,02596-7354,984-110-8186,9772
577,Richard Wiles,703-45-7066,81571-2848,445-833-1401,5847
578,Catherine Berkley,196-96-1972,47040-4827,924-239-4820,6441
579,Eugene Ficklin,802-03-2513,91043-4333,264-041-4518,7933
580,Helen Stephens,645-73-6012,64372-0030,115-028-1292,1071
581,Martha Beekman,922-31-0401,58392-2585,414-266-5210,1465
582,Jason Bibbs,181-72-1691,31977-5695,536-430-2222,1701
583,Cynthia Shah,774-40-6981,30581-1860,764-682-8653,3853
584,John Caldwell,493-38-5276,83992-0781,757-117-9733,1570
585,Barbara Thorsness,588-08-3863,49811-7294,949-426-7369,3902
586,Kathryn Boone,379-90-5410,49657-9809,466-309-9348,6674
587,Michael Lytle,523-42-0921,04810-5316,587-105-7275,3493
588,Lloyd Devalle,184-10-0641,03339-0208,810-874-6985,3109
589,Lee Black,420-73-2205,60189-4097,215-448-1720,7576
590,Virginia King,863-07-4952,27813-2885,412-457-4349,3110
591,Joan Ping,705-34-9844,60976-1683,270-401-9881,134
592,Theodore Burgos,970-94-3654,91167-6558,234-582-6686,3748
593,Steven Aldrich,770-67-5281,73658-0914,295-142-2646,2967
594,Benny Boydston,666-28-3392,34646-1716,629-096-3765,207
595,Diane Warner,241-79-7335,17980-0957,299-376-4881,6248
596,Eugene Blankenship,486-91-2546,01375-4221,910-304-7535,2683
597,Thomas Walker,182-34-6153,55457-8595,603-515-9789,872
598,Byron Coles,964-42-5395,86584-9520,142-351-4545,9154
599,Patricia Bastien,400-82-7118,37341-1118,401-441-9093,5809
600,Edward Steiner,438-83-3193,43714-7891,611-602-0326,7052
601,Len Chew,744-03-6942,76595-5546,388-437-0309,1142
602,Gary Satterfield,248-41-1204,34798-5479,298-740-1290,5924
603,Doris Lane,235-30-8665,30333-0775,346-293-8313,6955
604,Tonie Pritchett,231-62-5096,96964-8519,767-231-0384,225
605,Charles Schrecengost,699-06-7295,31205-7246,525-087-9669,6670
606,Daniel Batten,832-57-8835,68592-0293,643-230-1357,5759
607,Robert Culbert,250-84-8222,88902-6269,369-681-1602,5303
608,Marcy Coil,976-50-1404,41771-0699,693-391-6178,5504
609,Patricia Grissom,723-78-3896,68724-3326,225-458-1423,6961
610,Janis Rivera,939-59-6827,93787-1871,114-276-2671,6108
611,Lanell Cisneros,660-42-9119,73586-3996,466-510-3868,5884
612,Katharine Martinez,329-06-0344,03947-8829,317-300-5770,7069
613,Lisa Brower,381-79-6577,41019-2453,297-798-2472,5580
614,Lisabeth Torres,808-19-3592,93761-3949,251-669-8147,2034
615,Ernest Homan,335-83-6799,74979-8069,317-506-3022,8318
616,Patricia Huls,984-77-8241,70867-8092,256-335-4485,8874
617,Jennifer Hedgespeth,982-98-2869,56821-2945,802-016-2547,2015
618,Frances Stacy,249-86-0825,58550-4301,367-839-1250,8891
619,Linda Hazelton,858-31-1596,22539-0629,745-449-8352,6895
620,Christopher Moore,700-01-3906,47276-4842,647-248-6953,1345
621,Irene Willoughby,698-15-1042,96486-5598,863-246-7332,3893
622,Alycia Truxillo,764-06-3146,82084-4492,758-552-0939,2018
623,Selena Pfaff,353-20-3560,30017-6408,799-378-1737,5011
624,Joan Dunham,444-53-8647,00717-0972,536-285-9303,1252
625,Lee Sosa,518-11-6049,89144-1643,692-068-8171,4152
626,Joseph Holland,703-12-5158,17793-9808,458-194-1419,4519
627,Bennie Akim,759-50-2009,43267-9238,289-071-0512,7441
628,Grant Flowers,623-42-0854,21629-0318,544-127-5595,9474
629,Lisa Robertson,176-07-4818,05449-8746,706-331-1863,2248
630,Kathleen Browning,404-91-0592,21316-9493,800-162-5426,4579
631,William Prosper,921-22-1764,20306-1287,407-544-1848,168
632,Sarah Collins,482-46-4662,18291-2476,958-558-2216,9331
633,Adrienne Wood,275-59-6980,71795-3059,451-424-3048,4997
634,Esther Brooks,872-25-3996,53405-6373,811-149-0695,8977
635,Dalia Bristol,195-16-6803,02454-6050,446-313-3280,1546
636,Thomas Bravo,262-64-9665,37776-5641,355-293-7177,1698
637,Theodore Bullard,628-59-8835,73859-0262,105-532-4136,4944
638,Estelle Albury,811-68-2922,31096-9637,644-800-1990,1513
639,Ray Cammack,881-01-1537,01310-6023,737-656-0216,3157
640,John Cooper,117-62-2519,48148-5610,312-190-9360,4230
641,Deborah Enriquez,311-43-9351,11308-9416,517-026-2143,3975
642,Margaret Teems,152-11-8263,88632-6078,562-769-6652,5297
643,Damon Shoaff,634-33-2105,47874-1061,553-521-7543,9614
644,Rocco Ohmen,366-43-6973,53665-3076,907-327-8562,4795
645,Julia Elliott,221-95-6430,47303-9424,786-747-7184,3340
646,Delisa Heim,811-01-4667,33071-2463,594-091-4441,9310
647,Sonia Corradino,665-89-4909,27892-8592,166-439-3211,1689
648,Harry Farina,525-78-5203,24313-9836,898-737-1302,8697
649,Lloyd Wilson,606-91-5032,17685-8284,185-359-1384,7388
650,Vincent Daniels,155-03-8086,14621-5222,493-712-6438,5922
651,Steve Polich,836-17-2004,76269-9548,983-731-6825,2131
652,Mary Parker,776-05-3443,73345-1574,293-352-8080,6792
653,Mildred Naegeli,356-30-1961,80800-2712,143-323-8227,1777
654,Nancy Dejesus,743-67-3657,46881-4185,236-314-4820,6361
655,Randy Benson,829-25-8262,61336-4298,687-742-0156,6735
656,Anne Byers,402-56-4829,58543-3030,232-058-2748,1697
657,Collette Fried,922-60-7836,51767-6859,664-282-5308,1000
658,Doris Lamm,734-96-9379,47236-1596,512-618-4124,3965
659,Judy Combs,528-28-3340,41578-2453,513-735-3747,7169
660,Maureen Walk,794-01-3539,34005-2939,300-340-7902,5321
661,David Cole,474-95-2721,44060-7334,923-651-5297,8886
662,Carl Stange,414-28-0549,10604-6131,281-032-4434,4701
663,Taryn Stephens,670-56-6697,48997-4393,251-775-4478,6631
664,Lois Danielson,653-44-3492,86831-5765,328-801-8409,7916
665,Maurice Powell,232-38-1433,19457-6784,897-601-6638,491
666,Tina Thomas,232-08-5422,27122-3273,785-866-2015,532
667,Steve Wasinger,151-17-1094,20671-9539,530-855-7529,3876
668,Roland West,643-15-1821,60258-9742,551-417-6783,6070
669,Russell Monton,840-07-1951,55955-9612,190-858-0132,5388
670,Bernice Cunningham,250-49-4999,92178-4002,316-317-0093,3980
671,James Remiszewski,131-57-1679,00206-5990,335-597-2164,2520
672,Claude Vargas,295-78-9973,17888-0506,285-387-2813,7670
673,Matthew Beatty,621-72-0202,57814-6704,305-435-8675,7743
674,Lacey Garcia,925-30-2701,74397-1552,141-183-0283,50
675,Sheri Benge,108-74-7170,06844-6363,133-619-2182,9138
676,James Pollock,370-38-9755,37931-3266,383-286-4416,4521
677,Lindsay Mcgonigle,717-24-8365,56475-0051,887-612-6689,865
678,Laura Price,712-51-5168,93131-3757,303-079-1368,411
679,Peter Collins,207-22-1956,52947-7947,122-308-3583,4881
680,Darlene Morguson,663-19-7764,64710-9829,650-540-0293,9035
681,Loren Wilson,259-02-9866,55729-6608,783-334-8656,2258
682,Sean Low,134-39-3560,53090-1001,164-545-5292,1285
683,Douglas Montoya,221-34-4226,40628-2885,334-626-8837,7065
684,Yolanda Dewey,560-63-3646,21934-5250,173-457-7935,9197
685,Bradley Mullins,376-87-9912,15972-8258,590-567-9404,6824
686,George Winnen,669-56-7474,81644-7361,830-644-9280,5380
687,Rita Langley,409-57-3592,20861-9425,548-578-9459,6638
688,Kathleen Earley,709-70-6873,51112-3733,574-244-9504,3315
689,Christie Cook,208-54-6424,94118-2061,926-111-8918,4003
690,Carl Mccracken,305-16-5963,33487-0292,661-050-9732,4342
691,Dolores Booker,933-81-9221,59982-5139,762-852-0631,1347
692,Aaron Golden,348-85-0325,62897-5704,157-436-9889,4590
693,Norman Pletcher,612-87-1121,66587-3589,519-492-3388,7096
694,Adam Young,121-92-6670,40929-9300,124-331-0073,2634
695,Clifford Rouse,465-26-3359,03744-8048,547-700-9669,2154
696,Curtis Conway,437-56-1786,91186-2252,312-803-8101,2882
697,Myra Tavares,146-93-8052,35553-3392,699-844-1484,9610
698,James Stamper,543-40-4477,48995-0255,685-108-4548,2725
699,Lynn Beasley,498-78-4562,37605-7072,995-634-6678,4101
700,Amie Wade,492-75-2529,96055-3713,231-725-4662,4353
701,Robert Burnett,743-17-0273,00876-3616,295-709-0503,5326
702,John Patel,170-23-0692,79838-6340,867-757-2972,6564
703,John Cookson,425-78-5966,17441-4154,543-563-3589,5020
704,Willie Joslin,642-60-7144,94701-9458,812-384-0925,2981
705,Theresa Cser,921-26-6572,72578-3270,784-147-6518,1744
706,Marcus Roach,162-46-8249,16429-6393,567-404-1657,5583
707,Willie Siebenaler,492-85-7506,74002-7871,492-818-4928,7674
708,Harry Cooper,681-77-6596,47340-7695,161-279-3757,7555
709,Benjamin Banks,683-33-9853,80314-2213,244-390-9469,7695
710,Deborah Cambell,702-15-2848,04034-9819,777-177-5275,8740
711,Roger Bennington,393-22-9055,51934-6939,883-225-8349,4070
712,Craig Sanchez,878-75-8833,45216-5074,162-375-6573,4697
713,Darryl Pagan,514-33-2282,18678-4754,523-029-3889,1086
714,Ashley Smith,770-74-1323,65369-4265,175-382-2658,999
715,Trisha Dawson,418-56-4975,52059-9807,600-855-8875,5205
716,Robert Griffin,868-56-0045,31602-7569,201-729-8906,5218
717,Diane Newell,609-27-8577,26482-2996,894-101-7875,3788
718,Robert Hatfield,974-37-3327,65088-7472,634-372-7685,463
719,Monica Hinson,113-97-9941,04949-6719,767-021-2631,3008
720,Delbert Phillips,791-66-5039,26541-8629,973-539-2922,7800
721,Tammie Clement,199-53-5935,38334-6969,548-212-8179,5369
722,Wendell Phillips,849-49-5994,13598-5065,235-438-4893,8914
723,Jason Pendleton,840-78-6269,35427-2672,616-064-7645,7400
724,Joe Oleary,962-27-5122,19749-3430,268-194-7953,5642
725,Niki Whitenack,108-08-1674,40282-2137,173-135-6316,1440
726,Kathy Mederos,737-65-6836,21474-5687,687-111-3668,4760
727,Victoria Tucker,212-54-5507,27412-9453,992-419-8083,1749
728,Edwin Hickox,742-29-5574,77722-2609,406-667-4954,1686
729,Heather Self,442-91-5699,07862-1717,640-125-1161,2507
730,Benjamin Good,478-19-5121,16579-4136,838-449-6954,8677
731,Louise Harkins,447-11-4171,75336-4696,809-764-6223,9941
732,Ryan Young,450-94-4493,37167-3043,294-144-5745,9593
733,Nicholas Brown,752-37-2489,08006-4572,176-020-4281,137
734,Ruth Lane,522-75-6491,75090-6081,804-710-3721,8056
735,Madeline Brandi,326-78-1714,14136-6778,422-087-2381,2616
736,Mary Furr,335-35-7339,34152-5478,784-225-8262,7980
737,Johnny Haney,741-17-4664,93513-9762,516-055-4623,7372
738,Jackie Divers,241-36-0775,73542-8596,107-786-1205,4049
739,Ismael Mohan,109-31-5928,81999-4271,891-611-6975,2762
740,Shannon Machak,441-85-1912,14112-9089,990-609-1109,3928
741,Jamie Bernhardt,811-58-0976,73057-0927,489-540-9101,6607
742,Deborah Williams,380-20-7983,03890-5595,660-046-1099,346
743,Lesha Ridley,321-30-5464,95499-6950,908-778-1882,9264
744,Howard Neal,193-14-4304,79614-7929,296-066-6792,2214
745,Melynda Bergman,602-60-4999,41630-9624,836-625-9507,4051
746,Carl Conley,530-96-5955,30001-1955,855-592-0635,7526
747,Judith Dixon,693-70-3039,55738-6912,513-326-9617,6299
748,Huong Dumas,193-16-2064,87506-1371,820-400-0066,6038
749,Dorinda Mason,513-35-1408,77672-4098,602-550-4959,9925
750,Ida Parker,964-70-9699,71499-5634,482-483-0910,8104
751,William Rancourt,826-38-8550,94951-2462,356-811-0060,1026
752,Albert Hamlett,270-91-7750,05286-0152,403-290-4068,8376
753,Grant Knapp,524-32-6126,16521-6332,280-674-4891,9377
754,Marvin Prado,380-35-5396,47847-0462,324-573-1565,8208
755,Alfred Martinez,278-34-3560,48834-5487,802-195-3836,5444
756,Katheryn Little,200-38-6335,67679-9708,558-426-1918,1683
757,Victoria Cannon,509-44-7618,77645-6538,107-523-2137,3443
758,Catherine Williams,848-13-1136,70657-1821,274-100-3019,7629
759,Moises Lankford,961-72-3989,13767-9074,497-563-8991,1899
760,Guy Franco,269-59-3104,25303-3461,779-202-7206,297
761,Carmen Gainey,695-47-4356,42304-9093,921-490-3222,7454
762,Silvia Rabago,136-18-0125,52748-2365,338-068-4968,16
763,Barbara Boocks,812-48-7280,05378-1361,237-787-0919,2415
764,Steven Cook,392-85-9267,04282-5808,534-282-4779,8085
765,June Oakley,418-90-5391,27238-6746,639-575-4428,3356
766,Emma Hess,283-85-0244,74725-1899,662-633-7725,1181
767,Joan Sinisi,692-38-2679,53946-3395,506-728-4167,2173
768,Don Quadnau,126-57-7267,44353-1484,663-345-6187,7014
769,Henry Johnson,977-16-7167,13511-2252,781-741-1247,9622
770,Bailey Matsuda,786-90-7747,35825-3861,863-606-1587,8438
771,Archie Hicks,885-11-0578,86149-2805,962-485-1108,298
772,Maurice Amore,576-87-7158,28230-6303,231-344-6013,2842
773,Maria Blank,330-36-2096,57047-3261,170-424-4538,6662
774,Hilda Ollis,705-62-7314,26645-0187,841-409-2947,5843
775,Daniel Reed,188-83-5792,68458-4597,415-525-4986,6130
776,Fred Ortiz,814-54-8852,54874-3526,699-858-0939,9950
777,Fredrick Gardner,417-64-7752,66795-1667,634-314-8525,9980
778,Betty Fennell,561-41-9301,98728-5947,254-488-3144,5629
779,Robert Piacente,416-11-1881,83184-5456,956-445-0678,938
780,Kellye Kelly,208-10-4035,32929-8345,821-707-3423,4078
781,Brian Oates,804-55-7230,30601-8173,396-598-4525,4434
782,Calvin Safford,169-76-7625,75920-3475,173-748-9450,2454
783,Malcolm Ceja,958-83-0372,74205-0839,563-766-2653,5073
784,Traci Kimber,654-23-2322,74209-1773,811-621-4515,2604
785,Horace Steffes,884-85-6737,34788-7082,185-330-0945,4851
786,Larry Campbell,963-72-5423,83989-1663,269-181-7008,4841
787,Douglas Grappe,270-89-5498,04907-1638,451-343-0172,7209
788,Andrew Hussey,261-32-7879,42968-5418,179-152-6014,8417
789,Cynthia Somers,501-22-1587,15008-4637,832-362-7001,409
790,Colleen Ross,474-21-7465,12823-3941,125-372-1032,417
791,Connie Blair,199-92-2496,39716-9348,955-585-9592,5630
792,Jessica Cahill,440-05-1878,08506-1585,458-668-9742,6706
793,David Hernandez,406-40-4496,51323-7868,450-150-7552,9694
794,Ryan Perez,278-75-3398,19553-5320,210-790-9074,964
795,Betty Arnold,502-61-9126,29489-2138,958-459-2169,3154
796,Lloyd Ramirez,120-35-6554,31196-2260,966-750-7313,5567
797,Christopher Lorna,683-15-4867,05189-9344,487-494-9143,3605
798,Victoria Stevenson,478-70-9048,07102-7663,416-880-7961,5299
799,Sherri Roberson,491-37-4840,62471-8964,317-433-5175,8324
800,Alvin Raby,181-58-3693,72321-3853,124-499-6692,8979
801,Earl Medina,396-61-0340,55615-4056,251-622-4817,4445
802,Kim Call,344-03-1798,28504-1595,951-886-5148,1171
803,Kimberly Gonzales,122-43-6942,43572-2862,318-114-3220,9457
804,Robert Hancock,246-39-0643,93858-4840,230-750-9637,2386
805,Kristi Cooper,205-13-5050,13371-7360,523-041-8059,5342
806,Joseph Clark,579-40-2297,59076-3308,792-347-4411,8537
807,Theresa Madonia,538-33-5926,85109-7799,438-854-7928,2748
808,Joe Owens,365-54-6912,34322-7848,208-003-0494,5667
809,Richard Moncayo,692-67-5106,24984-7418,480-662-4557,9466
810,Jeremy Diamond,691-62-7159,87697-2618,531-702-9476,2198
811,Lynn Mcsween,343-91-2938,78997-3507,337-398-3613,315
812,Pearl Castaneda,782-59-4698,74709-6619,691-720-1110,4360
813,Brian Wal,237-13-9232,45975-7046,701-101-4453,9994
814,Chad Jones,286-17-4116,34360-6400,701-018-6491,5495
815,Scott Quick,899-37-4539,21909-2145,937-300-6140,5298
816,Roland Phillips,208-41-1827,95027-9775,515-189-5916,2220
817,Lillian Adcock,104-26-1073,70997-8032,485-618-9553,5124
818,Nicole Boger,690-89-5210,14407-3841,830-127-9184,1691
819,Minerva Martinez,642-06-4366,79766-5657,878-436-5451,5060
820,Arnold Greer,717-84-7966,89420-9271,364-343-1543,647
821,Joseph Mitchell,537-16-2793,36244-0122,733-183-7273,8608
822,Casey Dougherty,363-88-3195,40052-7309,995-245-3116,7976
823,Ryan Olivas,337-77-5142,27751-6480,200-459-2695,512
824,Michael Mckinney,284-05-0859,29457-4741,103-692-3039,5908
825,Ronald Raggs,101-26-1553,75932-5160,464-817-0902,9259
826,Richard Nguyen,842-88-0814,03200-5904,857-313-3871,9508
827,Eileen Grose,607-12-5023,04581-6987,265-086-8801,1657
828,Patricia Finley,301-65-5837,95830-0415,853-335-7871,4596
829,Brittany Sanchez,833-81-6990,74999-8985,730-084-9374,6542
830,Cory Werner,263-99-3942,02874-0791,698-334-0485,5955
831,Adam Sweigart,820-65-9102,06996-6669,140-882-5294,9721
832,Virginia Hamilton,695-22-7439,81685-4928,217-105-6802,9220
833,William Shon,493-26-0880,59380-5434,591-849-6211,2584
834,Vikki Sao,642-98-7001,84375-0431,691-357-4528,1692
835,Brandi Gallo,682-92-8075,72850-6259,716-588-9293,4815
836,Vicki Lewis,253-53-9990,13915-6894,929-037-3966,4405
837,Brenda Davis,952-66-8321,35841-0716,750-278-3203,293
838,Gregory Pierce,969-88-1260,44436-0729,781-678-8983,5949
839,Irma Chaput,276-74-2774,08189-5719,101-761-8509,5390
840,Joseph Hill,423-80-2626,85673-1942,606-679-0085,8041
841,Norbert Neuman,727-53-5909,81329-0229,881-517-0453,5514
842,James Phillips,756-79-6922,82602-8615,104-077-2883,8330
843,Willard Serisky,779-54-4757,82627-1610,760-371-7550,2853
844,John Lawson,311-52-6675,75082-8859,606-828-9086,3707
845,Renee Winslow,699-54-8203,04511-3478,196-793-6618,7495
846,Alicia Wiggains,820-29-7546,77603-9519,263-564-7576,3126
847,William Baylock,187-02-9705,53984-4582,290-867-6047,6031
848,Edward Stone,587-68-0586,13200-1775,576-167-1083,9878
849,Kelly Williams,432-44-5314,23681-1993,987-473-0452,424
850,Terri Graham,595-82-9411,20380-9088,577-394-1282,1173
851,Wayne Phillips,879-37-9414,31340-3791,152-791-7581,1886
852,Stephen Magnall,988-68-1169,63317-9909,989-842-9564,1033
853,Derek Henson,162-09-4843,34067-6556,952-085-1847,6215
854,Kyle Overman,947-24-4476,26752-0838,685-157-7201,3801
855,Phillis Lynch,861-32-1436,68426-8683,260-747-9304,8078
856,Tara Andrews,197-74-3114,63967-1232,135-128-0718,1494
857,Madeleine Brewer,134-39-7156,29951-2132,542-383-5616,6617
858,Betty Williams,362-11-8364,51618-7508,225-381-6802,8052
859,Linda Dejong,722-05-0310,08697-4035,609-630-1678,3745
860,Wendy Vancleave,854-17-3832,29921-1941,161-198-2047,19
861,Yvonne Herrington,186-55-2148,20372-7111,990-182-7504,9964
862,William Smith,823-99-9710,88158-8043,110-506-6836,6482
863,Tyrone Aucoin,862-78-5756,55097-4200,653-140-9771,2821
864,Walter Rutledge,178-27-3752,79765-3146,743-017-2294,8599
865,Nancy Spivey,584-73-1489,72010-0606,813-744-6604,9470
866,Glenn Diaz,992-67-3655,72407-6398,212-128-8301,6072
867,Patsy Barbagallo,979-66-7585,20338-8081,647-236-4063,5479
868,Jimmy Dodson,996-21-7501,97201-9386,711-026-1883,3106
869,Ana Xia,717-48-4096,18198-0791,780-864-1354,4991
870,Denise Baim,242-15-5007,40202-6330,140-789-5359,632
871,Thomas Myatt,597-65-0967,76414-7862,295-374-1872,9895
872,Anne Damon,512-28-7075,87320-7474,423-132-5213,1385
873,Marilyn Sheppard,944-59-9628,78170-6896,329-603-0815,5237
874,Bertha Jondle,228-97-6325,43527-8733,802-538-8903,7899
875,Nancy Johnson,140-72-0053,30321-1052,601-104-9495,703
876,Lucy Boyd,615-32-8763,39174-8761,234-678-9636,2721
877,Larry Fitts,693-47-0508,65743-3889,435-845-7831,4206
878,Lynn Larson,895-17-1462,44565-4977,256-520-2932,1122
879,Samuel Maes,637-14-3613,31448-8377,599-657-5693,6287
880,Art Smith,819-91-2697,56930-4463,238-046-2807,4406
881,Iris Battle,497-48-3386,38272-6236,809-286-5691,6315
882,Thomas Gade,173-53-3262,42240-5243,970-348-4009,2390
883,Rebecca Howard,829-98-2357,27221-1565,373-599-6772,8747
884,Christina Walker,830-30-7712,39751-4904,394-663-5214,781
885,Kenneth Diaz,728-53-4901,25571-1665,738-018-7808,2950
886,Douglas Larson,461-21-4521,31785-6695,925-301-2482,4527
887,Robert Forman,404-90-6505,69982-2685,796-266-3199,6551
888,Thomas Tilson,483-31-3989,41380-3488,992-017-8023,214
889,Eric Bailey,820-26-6769,54835-7616,886-316-7785,3958
890,Annmarie Dumont,772-81-2242,32084-4499,108-103-6063,7272
891,Marsha Chacon,514-37-3379,68519-5973,844-825-4046,9504
892,Mary Scott,272-06-5211,51440-1085,990-624-9173,1357
893,Jennifer Longley,780-44-9908,76714-7807,345-399-3173,1002
894,Thomas Roberson,994-88-0570,57671-1586,771-797-6315,9351
895,Jeanne Britton,397-25-7983,21841-1975,198-181-4181,3406
896,Sharon Sweat,238-83-0744,68693-4369,967-103-4636,9639
897,Fred Tommolino,822-22-9201,34727-0142,272-574-2204,2793
898,Paul Vigil,961-27-6054,51150-6440,691-756-7460,8833
899,Brittany Sloat,571-55-3735,26067-0407,522-393-6787,6040
900,Ericka Heisler,641-17-2966,79151-2668,337-848-9211,2719
901,Teresa Bucci,943-87-7904,07920-6815,963-849-1318,7759
902,Luther Deruyter,637-79-2359,55779-5459,844-096-7017,7579
903,Elsie Schwartz,831-03-9804,55962-6223,427-315-8164,6121
904,Colleen Williams,140-52-2175,05325-4375,525-772-6745,9623
905,Raymond Lovell,163-26-9328,62056-9381,455-413-7720,5662
906,Richard Luna,491-28-7824,77390-0233,507-255-0531,1078
907,Anita Jones,103-52-8632,11299-0581,219-289-5251,7105
908,Corine Reinhard,653-16-4270,19789-9163,636-055-5123,7301
909,Mildred Hughes,574-07-5158,31010-2691,410-335-8032,9928
910,John Whelton,595-07-7945,95033-5443,179-630-9419,7649
911,Herbert Judkins,240-90-2226,55734-2290,229-862-0549,6613
912,Annette Diaz,809-79-5780,66275-4783,725-724-1713,2282
913,Mary Hendrix,567-42-0994,98416-7971,503-256-0039,6412
914,Geneva Smith,185-26-9637,32344-1224,403-237-5115,7049
915,Cheri Simien,785-95-0016,35310-2410,202-747-6332,550
916,Bonnie Meade,184-53-4450,81297-3172,529-283-1045,6376
917,Elizabeth Brown,312-15-5529,32300-2204,898-713-0248,4433
918,Judith Calhoun,340-43-7834,01736-0455,331-296-9089,581
919,Paul Sayavong,668-51-8971,57906-4525,123-073-8365,4842
920,Martin Bachman,296-30-6414,39529-8620,704-273-2515,3346
921,Helen Dunne,945-10-7940,02664-6243,330-209-3898,934
922,Robbin Vazquez,596-03-7183,61179-2752,393-800-1046,9752
923,Annie Colon,301-01-3229,05043-2739,185-887-3637,5084
924,May Barrios,332-40-9977,85701-0152,574-069-0379,4954
925,Edward Hickman,628-22-1501,68372-6545,603-775-2132,6127
926,Janet Berryman,596-97-9800,46439-1502,874-363-6967,5560
927,Cynthia Williams,502-51-2845,41078-0428,491-665-5457,3143
928,Helen Tarleton,129-08-1275,88856-7573,997-793-7611,4054
929,Minerva Sung,928-13-8111,94427-8342,239-632-9968,2409
930,Heath Jones,711-13-1182,30429-4242,107-783-3216,4382
931,James Mckinley,309-51-5264,49417-0969,942-446-3563,9238
932,Colleen Watson,380-08-9945,56741-7377,880-670-1211,9490
933,Anne Franch,748-65-9585,64016-2716,384-536-1903,6907
934,William Rogers,896-87-7808,28333-1803,718-309-7659,1042
935,Antonio Irwin,635-70-5348,71083-8450,794-395-3187,1094
936,Daisy Medina,760-13-5581,12414-8579,489-256-1675,6593
937,Patricia Verdi,889-34-0322,28522-9161,930-418-0876,3028
938,Maggie Thomas,376-08-0552,52408-5271,165-836-5233,7293
939,Jessica Remmele,512-45-0090,36343-3784,443-316-2708,4352
940,Emma Russell,583-73-5750,96665-9788,954-132-0466,9057
941,Jeffrey Davis,290-32-3039,07782-5221,347-644-1484,5246
942,Anthony Burton,620-77-2704,88369-4572,400-037-3746,188
943,James Bethea,936-36-7185,11353-9847,277-447-9403,1006
944,Austin Kozel,951-59-2253,76728-3039,527-871-5454,167
945,Tara Kitchen,321-35-3061,14082-7521,758-121-7749,5690
946,Reuben Longoria,817-16-3638,03003-7833,710-862-1243,6062
947,Robert Anderson,242-11-4417,46449-4099,777-387-7719,878
948,Richard Lewis,560-61-5656,57011-2840,858-620-0796,4126
949,Kathryn King,765-02-2358,04872-8633,963-111-2774,2167
950,Annamaria Kirkman,300-45-4042,23119-2629,584-713-6721,4227
951,Jonathan Perez,144-03-4220,56391-3257,891-776-4296,1659
952,Violet Decker,977-24-9409,39415-9916,323-719-6786,4453
953,Robert Davila,137-57-4258,69723-9482,418-175-1402,4343
954,Ricky Pack,467-75-1734,06711-0896,201-467-0286,5296
955,Ricky Saysongkham,742-84-6155,30147-0390,396-720-2687,7210
956,Sheila Lambert,376-42-6580,75015-6055,936-867-2074,2347
957,Sharlene Reyes,449-49-5771,33783-7452,495-156-3838,5391
958,William Bond,958-41-3165,95009-4623,815-116-6363,3750
959,Sherri Grissinger,638-39-8016,36571-8595,253-199-2684,2363
960,Mary Smith,968-93-3224,43386-6135,598-383-9324,9673
961,Belinda Mcgriff,148-06-4566,17134-1094,739-108-0269,8455
962,David Pidgeon,986-46-2563,84307-7225,879-720-6319,867
963,Willie Elliott,738-96-9538,70348-1862,126-877-6687,3229
964,Lana Bumbrey,585-39-6279,96065-1596,972-275-4162,4418
965,Sammy Rodgers,351-04-2460,20124-2695,434-791-8379,6677
966,Sarah Thigpen,886-71-4478,44296-6797,929-558-9191,4294
967,Betty Grant,277-52-4984,28431-8832,190-213-5790,515
968,Todd Ebert,727-86-4324,32916-5768,854-812-1096,3665
969,Brian Huffman,119-93-5688,82120-5799,455-034-4078,7551
970,Marcel Pernell,211-73-6012,33281-8318,613-662-6649,1486
971,Eva Jones,800-44-8499,96952-0179,873-093-9921,7410
972,Cynthia Jones,823-42-9847,68120-1035,769-068-8379,2038
973,Marjorie Weissman,328-93-8309,86021-6890,178-633-4999,9087
974,Marty Davis,343-33-0298,86675-1821,137-398-0455,5461
975,Tracey Plienis,625-22-5160,75460-6890,691-820-8369,9371
976,Mary Sipes,827-67-3417,60221-1214,504-422-1603,3425
977,Earl Hardebeck,737-34-5635,97933-1634,454-854-3512,2370
978,Thomas Steeley,350-51-5646,94635-7466,772-870-8104,1096
979,David Washington,977-70-6206,82243-2403,894-855-2857,5571
980,Timothy Fetterman,993-42-5416,50053-3025,136-071-3087,747
981,Christopher Jones,780-56-6629,53531-9198,660-141-9148,9604
982,Kenneth Torsiello,399-30-8779,04453-5640,375-593-7180,531
983,Brandon Moro,816-14-4567,55802-4562,335-190-6454,105
984,Shawn Mertens,965-11-5598,37052-2312,589-124-4440,3266
985,Andrew Engel,956-59-2420,10970-9284,932-275-6785,3326
986,Geraldine Stathopoulos,651-63-8941,58130-8947,171-644-9183,1708
987,Mildred Isley,965-11-4195,41100-9756,926-523-6233,2074
988,Larry Wood,317-21-1939,24708-9180,480-628-1537,1318
989,Ray Loeffler,374-42-9003,87288-0723,200-149-4779,987
990,Fannie Johnson,116-44-8319,28837-7283,908-226-7237,9386
991,Eugene Newsome,100-20-5894,96698-8308,911-605-3154,9296
992,Sandra Dew,592-14-9794,53524-2236,309-512-3098,7752
993,Taunya Deloney,349-50-3783,72591-8846,739-207-3223,185
994,Thomas Dingle,370-07-0095,04464-3225,373-444-4133,8809
995,Spencer Smith,716-45-8832,37191-9107,659-558-3896,1734
996,Robert Sanchez,680-88-4400,27003-4345,361-588-7841,6829
997,Gary Richter,987-41-0506,07229-8413,736-631-2272,7592
998,Ann Dorr,619-99-9965,48031-4662,778-782-7973,7255
999,Norma Nichols,101-74-6356,50342-2154,353-029-5428,1363
1000,Anna Hardiman,346-59-7936,04822-3161,177-642-7877,6536
1001,Sharon Jones,638-63-1353,28339-8358,405-682-1878,3826
1002,Sharon Jones,638-63-1353,28339-8358,699-748-8901,7249
1003,Sharon Jones,638-63-1353,28339-8358,669-762-0998,736
1004,Sharon Jones,638-63-1353,28339-8358,785-340-0661,8315
1005,Sharon Jones,136-64-4039,28339-8358,405-682-1878,7659
1006,Sharon Jones,136-64-4039,28339-8358,699-748-8901,5374
1007,Sharon Jones,136-64-4039,28339-8358,669-762-0998,4963
1008,Sharon Jones,136-64-4039,28339-8358,785-340-0661,7212
1009,Sharon Jones,908-16-3295,28339-8358,405-682-1878,8194
1010,Sharon Jones,908-16-3295,28339-8358,699-748-8901,891
1011,Sharon Jones,908-16-3295,28339-8358,669-762-0998,9594
1012,Sharon Jones,908-16-3295,28339-8358,785-340-0661,5980
1013,Sharon Jones,627-60-2087,28339-8358,405-682-1878,7795
1014,Sharon Jones,627-60-2087,28339-8358,699-748-8901,7848
1015,Sharon Jones,627-60-2087,28339-8358,669-762-0998,3741
1016,Sharon Jones,627-60-2087,28339-8358,785-340-0661,3488
1017,Sharon Jones,638-63-1353,70945-8377,405-682-1878,1352
1018,Sharon Jones,638-63-1353,70945-8377,699-748-8901,4887
1019,Sharon Jones,638-63-1353,70945-8377,669-762-0998,4424
1020,Sharon Jones,638-63-1353,70945-8377,785-340-0661,653
1021,Sharon Jones,136-64-4039,70945-8377,405-682-1878,5607
1022,Sharon Jones,136-64-4039,70945-8377,699-748-8901,1438
1023,Sharon Jones,136-64-4039,70945-8377,669-762-0998,5488
1024,Sharon Jones,136-64-4039,70945-8377,785-340-0661,8525
1025,Sharon Jones,908-16-3295,70945-8377,405-682-1878,2603
1026,Sharon Jones,908-16-3295,70945-8377,699-748-8901,2676
1027,Sharon Jones,908-16-3295,70945-8377,669-762-0998,8815
1028,Sharon Jones,908-16-3295,70945-8377,785-340-0661,6516
1029,Sharon Jones,627-60-2087,70945-8377,405-682-1878,2946
1030,Sharon Jones,627-60-2087,70945-8377,699-748-8901,4296
1031,Sharon Jones,627-60-2087,70945-8377,669-762-0998,5803
1032,Sharon Jones,627-60-2087,70945-8377,785-340-0661,8295
1033,Sharon Jones,638-63-1353,92042-6295,405-682-1878,3077
1034,Sharon Jones,638-63-1353,92042-6295,699-748-8901,3615
1035,Sharon Jones,638-63-1353,92042-6295,669-762-0998,8581
1036,Sharon Jones,638-63-1353,92042-6295,785-340-0661,8732
1037,Sharon Jones,136-64-4039,92042-6295,405-682-1878,1340
1038,Sharon Jones,136-64-4039,92042-6295,699-748-8901,3254
1039,Sharon Jones,136-64-4039,92042-6295,669-762-0998,9411
1040,Sharon Jones,136-64-4039,92042-6295,785-340-0661,3373
1041,Sharon Jones,908-16-3295,92042-6295,405-682-1878,2353
1042,Sharon Jones,908-16-3295,92042-6295,699-748-8901,2133
1043,Sharon Jones,908-16-3295,92042-6295,669-762-0998,2539
1044,Sharon Jones,908-16-3295,92042-6295,785-340-0661,2140
1045,Sharon Jones,627-60-2087,92042-6295,405-682-1878,3447
1046,Sharon Jones,627-60-2087,92042-6295,699-748-8901,6385
1047,Sharon Jones,627-60-2087,92042-6295,669-762-0998,8642
1048,Sharon Jones,627-60-2087,92042-6295,785-340-0661,7034
1049,Sharon Jones,638-63-1353,83946-5778,405-682-1878,8586
1050,Sharon Jones,638-63-1353,83946-5778,699-748-8901,4886
1051,Sharon Jones,638-63-1353,83946-5778,669-762-0998,4016
1052,Sharon Jones,638-63-1353,83946-5778,785-340-0661,992
1053,Sharon Jones,136-64-4039,83946-5778,405-682-1878,7941
1054,Sharon Jones,136-64-4039,83946-5778,699-748-8901,5722
1055,Sharon Jones,136-64-4039,83946-5778,669-762-0998,1645
1056,Sharon Jones,136-64-4039,83946-5778,785-340-0661,6877
1057,Sharon Jones,908-16-3295,83946-5778,405-682-1878,1665
1058,Sharon Jones,908-16-3295,83946-5778,699-748-8901,8881
1059,Sharon Jones,908-16-3295,83946-5778,669-762-0998,9867
1060,Sharon Jones,908-16-3295,83946-5778,785-340-0661,1239
1061,Sharon Jones,627-60-2087,83946-5778,405-682-1878,9960
1062,Sharon Jones,627-60-2087,83946-5778,699-748-8901,5320
1063,Sharon Jones,627-60-2087,83946-5778,669-762-0998,4093
1064,Sharon Jones,627-60-2087,83946-5778,785-340-0661,8512
1065,Jennie Gibson,638-63-1353,28339-8358,405-682-1878,3790
1066,Jennie Gibson,638-63-1353,28339-8358,699-748-8901,1594
1067,Jennie Gibson,638-63-1353,28339-8358,669-762-0998,619
1068,Jennie Gibson,638-63-1353,28339-8358,785-340-0661,620
1069,Jennie Gibson,136-64-4039,28339-8358,405-682-1878,5039
1070,Jennie Gibson,136-64-4039,28339-8358,699-748-8901,5638
1071,Jennie Gibson,136-64-4039,28339-8358,669-762-0998,1549
1072,Jennie Gibson,136-64-4039,28339-8358,785-340-0661,362
1073,Jennie Gibson,908-16-3295,28339-8358,405-682-1878,380
1074,Jennie Gibson,908-16-3295,28339-8358,699-748-8901,2014
1075,Jennie Gibson,908-16-3295,28339-8358,669-762-0998,848
1076,Jennie Gibson,908-16-3295,28339-8358,785-340-0661,4254
1077,Jennie Gibson,627-60-2087,28339-8358,405-682-1878,5637
1078,Jennie Gibson,627-60-2087,28339-8358,699-748-8901,8554
1079,Jennie Gibson,627-60-2087,28339-8358,669-762-0998,9869
1080,Jennie Gibson,627-60-2087,28339-8358,785-340-0661,6065
1081,Jennie Gibson,638-63-1353,70945-8377,405-682-1878,4129
1082,Jennie Gibson,638-63-1353,70945-8377,699-748-8901,1673
1083,Jennie Gibson,638-63-1353,70945-8377,669-762-0998,1185
1084,Jennie Gibson,638-63-1353,70945-8377,785-340-0661,4906
1085,Jennie Gibson,136-64-4039,70945-8377,405-682-1878,4337
1086,Jennie Gibson,136-64-4039,70945-8377,699-748-8901,9306
1087,Jennie Gibson,136-64-4039,70945-8377,669-762-0998,847
1088,Jennie Gibson,136-64-4039,70945-8377,785-340-0661,6425
1089,Jennie Gibson,908-16-3295,70945-8377,405-682-1878,2184
1090,Jennie Gibson,908-16-3295,70945-8377,699-748-8901,1675
1091,Jennie Gibson,908-16-3295,70945-8377,669-762-0998,5035
1092,Jennie Gibson,908-16-3295,70945-8377,785-340-0661,861
1093,Jennie Gibson,627-60-2087,70945-8377,405-682-1878,1964
1094,Jennie Gibson,627-60-2087,70945-8377,699-748-8901,3808
1095,Jennie Gibson,627-60-2087,70945-8377,669-762-0998,9240
1096,Jennie Gibson,627-60-2087,70945-8377,785-340-0661,2207
1097,Jennie Gibson,638-63-1353,92042-6295,405-682-1878,943
1098,Jennie Gibson,638-63-1353,92042-6295,699-748-8901,7241
1099,Jennie Gibson,638-63-1353,92042-6295,669-762-0998,1095
1100,Jennie Gibson,638-63-1353,92042-6295,785-340-0661,5565
1101,Jennie Gibson,136-64-4039,92042-6295,405-682-1878,1968
1102,Jennie Gibson,136-64-4039,92042-6295,699-748-8901,5728
1103,Jennie Gibson,136-64-4039,92042-6295,669-762-0998,5231
1104,Jennie Gibson,136-64-4039,92042-6295,785-340-0661,910
1105,Jennie Gibson,908-16-3295,92042-6295,405-682-1878,6839
1106,Jennie Gibson,908-16-3295,92042-6295,699-748-8901,9192
1107,Jennie Gibson,908-16-3295,92042-6295,669-762-0998,6362
1108,Jennie Gibson,908-16-3295,92042-6295,785-340-0661,4237
1109,Jennie Gibson,627-60-2087,92042-6295,405-682-1878,7146
1110,Jennie Gibson,627-60-2087,92042-6295,699-748-8901,1662
1111,Jennie Gibson,627-60-2087,92042-6295,669-762-0998,8687
1112,Jennie Gibson,627-60-2087,92042-6295,785-340-0661,9150
1113,Jennie Gibson,638-63-1353,83946-5778,405-682-1878,6106
1114,Jennie Gibson,638-63-1353,83946-5778,699-748-8901,5376
1115,Jennie Gibson,638-63-1353,83946-5778,669-762-0998,5948
1116,Jennie Gibson,638-63-1353,83946-5778,785-340-0661,6330
1117,Jennie Gibson,136-64-4039,83946-5778,405-682-1878,8986
1118,Jennie Gibson,136-64-4039,83946-5778,699-748-8901,3523
1119,Jennie Gibson,136-64-4039,83946-5778,669-762-0998,2320
1120,Jennie Gibson,136-64-4039,83946-5778,785-340-0661,7072
1121,Jennie Gibson,908-16-3295,83946-5778,405-682-1878,7463
1122,Jennie Gibson,908-16-3295,83946-5778,699-748-8901,7957
1123,Jennie Gibson,908-16-3295,83946-5778,669-762-0998,7660
1124,Jennie Gibson,908-16-3295,83946-5778,785-340-0661,8086
1125,Jennie Gibson,627-60-2087,83946-5778,405-682-1878,8199
1126,Jennie Gibson,627-60-2087,83946-5778,699-748-8901,9955
1127,Jennie Gibson,627-60-2087,83946-5778,669-762-0998,996
1128,Jennie Gibson,627-60-2087,83946-5778,785-340-0661,3024
1129,Jeff Smith,638-63-1353,28339-8358,405-682-1878,2093
1130,Jeff Smith,638-63-1353,28339-8358,699-748-8901,2318
1131,Jeff Smith,638-63-1353,28339-8358,669-762-0998,8473
1132,Jeff Smith,638-63-1353,28339-8358,785-340-0661,988
1133,Jeff Smith,136-64-4039,28339-8358,405-682-1878,8962
1134,Jeff Smith,136-64-4039,28339-8358,699-748-8901,7189
1135,Jeff Smith,136-64-4039,28339-8358,669-762-0998,5947
1136,Jeff Smith,136-64-4039,28339-8358,785-340-0661,9646
1137,Jeff Smith,908-16-3295,28339-8358,405-682-1878,3550
1138,Jeff Smith,908-16-3295,28339-8358,699-748-8901,3929
1139,Jeff Smith,908-16-3295,28339-8358,669-762-0998,5223
1140,Jeff Smith,908-16-3295,28339-8358,785-340-0661,4877
1141,Jeff Smith,627-60-2087,28339-8358,405-682-1878,2421
1142,Jeff Smith,627-60-2087,28339-8358,699-748-8901,8027
1143,Jeff Smith,627-60-2087,28339-8358,669-762-0998,8267
1144,Jeff Smith,627-60-2087,28339-8358,785-340-0661,4625
1145,Jeff Smith,638-63-1353,70945-8377,405-682-1878,5255
1146,Jeff Smith,638-63-1353,70945-8377,699-748-8901,2833
1147,Jeff Smith,638-63-1353,70945-8377,669-762-0998,1652
1148,Jeff Smith,638-63-1353,70945-8377,785-340-0661,4282
1149,Jeff Smith,136-64-4039,70945-8377,405-682-1878,1901
1150,Jeff Smith,136-64-4039,70945-8377,699-748-8901,553
1151,Jeff Smith,136-64-4039,70945-8377,669-762-0998,4208
1152,Jeff Smith,136-64-4039,70945-8377,785-340-0661,9333
1153,Jeff Smith,908-16-3295,70945-8377,405-682-1878,9214
1154,Jeff Smith,908-16-3295,70945-8377,699-748-8901,2428
1155,Jeff Smith,908-16-3295,70945-8377,669-762-0998,978
1156,Jeff Smith,908-16-3295,70945-8377,785-340-0661,476
1157,Jeff Smith,627-60-2087,70945-8377,405-682-1878,2986
1158,Jeff Smith,627-60-2087,70945-8377,699-748-8901,576
1159,Jeff Smith,627-60-2087,70945-8377,669-762-0998,1758
1160,Jeff Smith,627-60-2087,70945-8377,785-340-0661,701
1161,Jeff Smith,638-63-1353,92042-6295,405-682-1878,7228
1162,Jeff Smith,638-63-1353,92042-6295,699-748-8901,6119
1163,Jeff Smith,638-63-1353,92042-6295,669-762-0998,144
1164,Jeff Smith,638-63-1353,92042-6295,785-340-0661,4563
1165,Jeff Smith,136-64-4039,92042-6295,405-682-1878,4375
1166,Jeff Smith,136-64-4039,92042-6295,699-748-8901,6346
1167,Jeff Smith,136-64-4039,92042-6295,669-762-0998,791
1168,Jeff Smith,136-64-4039,92042-6295,785-340-0661,2665
1169,Jeff Smith,908-16-3295,92042-6295,405-682-1878,9325
1170,Jeff Smith,908-16-3295,92042-6295,699-748-8901,6250
1171,Jeff Smith,908-16-3295,92042-6295,669-762-0998,4523
1172,Jeff Smith,908-16-3295,92042-6295,785-340-0661,1308
1173,Jeff Smith,627-60-2087,92042-6295,405-682-1878,9217
1174,Jeff Smith,627-60-2087,92042-6295,699-748-8901,4318
1175,Jeff Smith,627-60-2087,92042-6295,669-762-0998,1215
1176,Jeff Smith,627-60-2087,92042-6295,785-340-0661,7669
1177,Jeff Smith,638-63-1353,83946-5778,405-682-1878,2746
1178,Jeff Smith,638-63-1353,83946-5778,699-748-8901,3946
1179,Jeff Smith,638-63-1353,83946-5778,669-762-0998,7886
1180,Jeff Smith,638-63-1353,83946-5778,785-340-0661,4264
1181,Jeff Smith,136-64-4039,83946-5778,405-682-1878,7952
1182,Jeff Smith,136-64-4039,83946-5778,699-748-8901,7605
1183,Jeff Smith,136-64-4039,83946-5778,669-762-0998,6639
1184,Jeff Smith,136-64-4039,83946-5778,785-340-0661,2984
1185,Jeff Smith,908-16-3295,83946-5778,405-682-1878,9314
1186,Jeff Smith,908-16-3295,83946-5778,699-748-8901,6381
1187,Jeff Smith,908-16-3295,83946-5778,669-762-0998,3271
1188,Jeff Smith,908-16-3295,83946-5778,785-340-0661,5868
1189,Jeff Smith,627-60-2087,83946-5778,405-682-1878,6088
1190,Jeff Smith,627-60-2087,83946-5778,699-748-8901,7709
1191,Jeff Smith,627-60-2087,83946-5778,669-762-0998,3141
1192,Jeff Smith,627-60-2087,83946-5778,785-340-0661,8503
1193,Joshua Berumen,638-63-1353,28339-8358,405-682-1878,4386
1194,Joshua Berumen,638-63-1353,28339-8358,699-748-8901,1010
1195,Joshua Berumen,638-63-1353,28339-8358,669-762-0998,1608
1196,Joshua Berumen,638-63-1353,28339-8358,785-340-0661,965
1197,Joshua Berumen,136-64-4039,28339-8358,405-682-1878,4300
1198,Joshua Berumen,136-64-4039,28339-8358,699-748-8901,4717
1199,Joshua Berumen,136-64-4039,28339-8358,669-762-0998,8627
1200,Joshua Berumen,136-64-4039,28339-8358,785-340-0661,6845
1201,Joshua Berumen,908-16-3295,28339-8358,405-682-1878,6467
1202,Joshua Berumen,908-16-3295,28339-8358,699-748-8901,1771
1203,Joshua Berumen,908-16-3295,28339-8358,669-762-0998,8969
1204,Joshua Berumen,908-16-3295,28339-8358,785-340-0661,8602
1205,Joshua Berumen,627-60-2087,28339-8358,405-682-1878,125
1206,Joshua Berumen,627-60-2087,28339-8358,699-748-8901,364
1207,Joshua Berumen,627-60-2087,28339-8358,669-762-0998,7949
1208,Joshua Berumen,627-60-2087,28339-8358,785-340-0661,506
1209,Joshua Berumen,638-63-1353,70945-8377,405-682-1878,6492
1210,Joshua Berumen,638-63-1353,70945-8377,699-748-8901,8916
1211,Joshua Berumen,638-63-1353,70945-8377,669-762-0998,2583
1212,Joshua Berumen,638-63-1353,70945-8377,785-340-0661,3457
1213,Joshua Berumen,136-64-4039,70945-8377,405-682-1878,706
1214,Joshua Berumen,136-64-4039,70945-8377,699-748-8901,1377
1215,Joshua Berumen,136-64-4039,70945-8377,669-762-0998,7686
1216,Joshua Berumen,136-64-4039,70945-8377,785-340-0661,3824
1217,Joshua Berumen,908-16-3295,70945-8377,405-682-1878,6481
1218,Joshua Berumen,908-16-3295,70945-8377,699-748-8901,5985
1219,Joshua Berumen,908-16-3295,70945-8377,669-762-0998,4572
1220,Joshua Berumen,908-16-3295,70945-8377,785-340-0661,8233
1221,Joshua Berumen,627-60-2087,70945-8377,405-682-1878,7657
1222,Joshua Berumen,627-60-2087,70945-8377,699-748-8901,2937
1223,Joshua Berumen,627-60-2087,70945-8377,669-762-0998,6110
1224,Joshua Berumen,627-60-2087,70945-8377,785-340-0661,9866
1225,Joshua Berumen,638-63-1353,92042-6295,405-682-1878,2582
1226,Joshua Berumen,638-63-1353,92042-6295,699-748-8901,5897
1227,Joshua Berumen,638-63-1353,92042-6295,669-762-0998,1980
1228,Joshua Berumen,638-63-1353,92042-6295,785-340-0661,8191
1229,Joshua Berumen,136-64-4039,92042-6295,405-682-1878,8010
1230,Joshua Berumen,136-64-4039,92042-6295,699-748-8901,8230
1231,Joshua Berumen,136-64-4039,92042-6295,669-762-0998,1066
1232,Joshua Berumen,136-64-4039,92042-6295,785-340-0661,4310
1233,Joshua Berumen,908-16-3295,92042-6295,405-682-1878,2029
1234,Joshua Berumen,908-16-3295,92042-6295,699-748-8901,2571
1235,Joshua Berumen,908-16-3295,92042-6295,669-762-0998,2811
1236,Joshua Berumen,908-16-3295,92042-6295,785-340-0661,4871
1237,Joshua Berumen,627-60-2087,92042-6295,405-682-1878,3895
1238,Joshua Berumen,627-60-2087,92042-6295,699-748-8901,8211
1239,Joshua Berumen,627-60-2087,92042-6295,669-762-0998,683
1240,Joshua Berumen,627-60-2087,92042-6295,785-340-0661,6621
1241,Joshua Berumen,638-63-1353,83946-5778,405-682-1878,8735
1242,Joshua Berumen,638-63-1353,83946-5778,699-748-8901,2001
1243,Joshua Berumen,638-63-1353,83946-5778,669-762-0998,6116
1244,Joshua Berumen,638-63-1353,83946-5778,785-340-0661,2351
1245,Joshua Berumen,136-64-4039,83946-5778,405-682-1878,2844
1246,Joshua Berumen,136-64-4039,83946-5778,699-748-8901,5652
1247,Joshua Berumen,136-64-4039,83946-5778,669-762-0998,9688
1248,Joshua Berumen,136-64-4039,83946-5778,785-340-0661,8574
1249,Joshua Berumen,908-16-3295,83946-5778,405-682-1878,5819
1250,Joshua Berumen,908-16-3295,83946-5778,699-748-8901,6112
1251,Joshua Berumen,908-16-3295,83946-5778,669-762-0998,46
1252,Joshua Berumen,908-16-3295,83946-5778,785-340-0661,2747
1253,Joshua Berumen,627-60-2087,83946-5778,405-682-1878,7633
1254,Joshua Berumen,627-60-2087,83946-5778,699-748-8901,643
1255,Joshua Berumen,627-60-2087,83946-5778,669-762-0998,5048
1256,Joshua Berumen,627-60-2087,83946-5778,785-340-0661,2914
