Card_name,ZIP,SSN,Phone
Sharon Jones,28339-8358,638-63-1353,405-682-1878
Sharon Jones,28339-8358,638-63-1353,699-748-8901
Sharon Jones,28339-8358,638-63-1353,669-762-0998
Sharon Jones,28339-8358,638-63-1353,785-340-0661
Sharon Jones,28339-8358,136-64-4039,405-682-1878
Sharon Jones,28339-8358,136-64-4039,699-748-8901
Sharon Jones,28339-8358,136-64-4039,669-762-0998
Sharon Jones,28339-8358,136-64-4039,785-340-0661
Sharon Jones,28339-8358,908-16-3295,405-682-1878
Sharon Jones,28339-8358,908-16-3295,699-748-8901
Sharon Jones,28339-8358,908-16-3295,669-762-0998
Sharon Jones,28339-8358,908-16-3295,785-340-0661
Sharon Jones,28339-8358,627-60-2087,405-682-1878
Sharon Jones,28339-8358,627-60-2087,699-748-8901
Sharon Jones,28339-8358,627-60-2087,669-762-0998
Sharon Jones,28339-8358,627-60-2087,785-340-0661
Sharon Jones,70945-8377,638-63-1353,405-682-1878
Sharon Jones,70945-8377,638-63-1353,699-748-8901
Sharon Jones,70945-8377,638-63-1353,669-762-0998
Sharon Jones,70945-8377,638-63-1353,785-340-0661
Sharon Jones,70945-8377,136-64-4039,405-682-1878
Sharon Jones,70945-8377,136-64-4039,699-748-8901
Sharon Jones,70945-8377,136-64-4039,669-762-0998
Sharon Jones,70945-8377,136-64-4039,785-340-0661
Sharon Jones,70945-8377,908-16-3295,405-682-1878
Sharon Jones,70945-8377,908-16-3295,699-748-8901
Sharon Jones,70945-8377,908-16-3295,669-762-0998
Sharon Jones,70945-8377,908-16-3295,785-340-0661
Sharon Jones,70945-8377,627-60-2087,405-682-1878
Sharon Jones,70945-8377,627-60-2087,699-748-8901
Sharon Jones,70945-8377,627-60-2087,669-762-0998
Sharon Jones,70945-8377,627-60-2087,785-340-0661
Sharon Jones,92042-6295,638-63-1353,405-682-1878
Sharon Jones,92042-6295,638-63-1353,699-748-8901
Sharon Jones,92042-6295,638-63-1353,669-762-0998
Sharon Jones,92042-6295,638-63-1353,785-340-0661
Sharon Jones,92042-6295,136-64-4039,405-682-1878
Sharon Jones,92042-6295,136-64-4039,699-748-8901
Sharon Jones,92042-6295,136-64-4039,669-762-0998
Sharon Jones,92042-6295,136-64-4039,785-340-0661
Sharon Jones,92042-6295,908-16-3295,405-682-1878
Sharon Jones,92042-6295,908-16-3295,699-748-8901
Sharon Jones,92042-6295,908-16-3295,669-762-0998
Sharon Jones,92042-6295,908-16-3295,785-340-0661
Sharon Jones,92042-6295,627-60-2087,405-682-1878
Sharon Jones,92042-6295,627-60-2087,699-748-8901
Sharon Jones,92042-6295,627-60-2087,669-762-0998
Sharon Jones,92042-6295,627-60-2087,785-340-0661
Sharon Jones,83946-5778,638-63-1353,405-682-1878
Sharon Jones,83946-5778,638-63-1353,699-748-8901
Sharon Jones,83946-5778,638-63-1353,669-762-0998
Sharon Jones,83946-5778,638-63-1353,785-340-0661
Sharon Jones,83946-5778,136-64-4039,405-682-1878
Sharon Jones,83946-5778,136-64-4039,699-748-8901
Sharon Jones,83946-5778,136-64-4039,669-762-0998
Sharon Jones,83946-5778,136-64-4039,785-340-0661
Sharon Jones,83946-5778,908-16-3295,405-682-1878
Sharon Jones,83946-5778,908-16-3295,699-748-8901
Sharon Jones,83946-5778,908-16-3295,669-762-0998
Sharon Jones,83946-5778,908-16-3295,785-340-0661
Sharon Jones,83946-5778,627-60-2087,405-682-1878
Sharon Jones,83946-5778,627-60-2087,699-748-8901
Sharon Jones,83946-5778,627-60-2087,669-762-0998
Sharon Jones,83946-5778,627-60-2087,785-340-0661
Jennie Gibson,28339-8358,638-63-1353,405-682-1878
Jennie Gibson,28339-8358,638-63-1353,699-748-8901
Jennie Gibson,28339-8358,638-63-1353,669-762-0998
Jennie Gibson,28339-8358,638-63-1353,785-340-0661
Jennie Gibson,28339-8358,136-64-4039,405-682-1878
Jennie Gibson,28339-8358,136-64-4039,699-748-8901
Jennie Gibson,28339-8358,136-64-4039,669-762-0998
Jennie Gibson,28339-8358,136-64-4039,785-340-0661
Jennie Gibson,28339-8358,908-16-3295,405-682-1878
Jennie Gibson,28339-8358,908-16-3295,699-748-8901
Jennie Gibson,28339-8358,908-16-3295,669-762-0998
Jennie Gibson,28339-8358,908-16-3295,785-340-0661
Jennie Gibson,28339-8358,627-60-2087,405-682-1878
Jennie Gibson,28339-8358,627-60-2087,699-748-8901
Jennie Gibson,28339-8358,627-60-2087,669-762-0998
Jennie Gibson,28339-8358,627-60-2087,785-340-0661
Jennie Gibson,70945-8377,638-63-1353,405-682-1878
Jennie Gibson,70945-8377,638-63-1353,699-748-8901
Jennie Gibson,70945-8377,638-63-1353,669-762-0998
Jennie Gibson,70945-8377,638-63-1353,785-340-0661
Jennie Gibson,70945-8377,136-64-4039,405-682-1878
Jennie Gibson,70945-8377,136-64-4039,699-748-8901
Jennie Gibson,70945-8377,136-64-4039,669-762-0998
Jennie Gibson,70945-8377,136-64-4039,785-340-0661
Jennie Gibson,70945-8377,908-16-3295,405-682-1878
Jennie Gibson,70945-8377,908-16-3295,699-748-8901
Jennie Gibson,70945-8377,908-16-3295,669-762-0998
Jennie Gibson,70945-8377,908-16-3295,785-340-0661
Jennie Gibson,70945-8377,627-60-2087,405-682-1878
Jennie Gibson,70945-8377,627-60-2087,699-748-8901
Jennie Gibson,70945-8377,627-60-2087,669-762-0998
Jennie Gibson,70945-8377,627-60-2087,785-340-0661
Jennie Gibson,92042-6295,638-63-1353,405-682-1878
Jennie Gibson,92042-6295,638-63-1353,699-748-8901
Jennie Gibson,92042-6295,638-63-1353,669-762-0998
Jennie Gibson,92042-6295,638-63-1353,785-340-0661
Jennie Gibson,92042-6295,136-64-4039,405-682-1878
Jennie Gibson,92042-6295,136-64-4039,699-748-8901
Jennie Gibson,92042-6295,136-64-4039,669-762-0998
Jennie Gibson,92042-6295,136-64-4039,785-340-0661
Jennie Gibson,92042-6295,908-16-3295,405-682-1878
Jennie Gibson,92042-6295,908-16-3295,699-748-8901
Jennie Gibson,92042-6295,908-16-3295,669-762-0998
Jennie Gibson,92042-6295,908-16-3295,785-340-0661
Jennie Gibson,92042-6295,627-60-2087,405-682-1878
Jennie Gibson,92042-6295,627-60-2087,699-748-8901
Jennie Gibson,92042-6295,627-60-2087,669-762-0998
Jennie Gibson,92042-6295,627-60-2087,785-340-0661
Jennie Gibson,83946-5778,638-63-1353,405-682-1878
Jennie Gibson,83946-5778,638-63-1353,699-748-8901
Jennie Gibson,83946-5778,638-63-1353,669-762-0998
Jennie Gibson,83946-5778,638-63-1353,785-340-0661
Jennie Gibson,83946-5778,136-64-4039,405-682-1878
Jennie Gibson,83946-5778,136-64-4039,699-748-8901
Jennie Gibson,83946-5778,136-64-4039,669-762-0998
Jennie Gibson,83946-5778,136-64-4039,785-340-0661
Jennie Gibson,83946-5778,908-16-3295,405-682-1878
Jennie Gibson,83946-5778,908-16-3295,699-748-8901
Jennie Gibson,83946-5778,908-16-3295,669-762-0998
Jennie Gibson,83946-5778,908-16-3295,785-340-0661
Jennie Gibson,83946-5778,627-60-2087,405-682-1878
Jennie Gibson,83946-5778,627-60-2087,699-748-8901
Jennie Gibson,83946-5778,627-60-2087,669-762-0998
Jennie Gibson,83946-5778,627-60-2087,785-340-0661
Jeff Smith,28339-8358,638-63-1353,405-682-1878
Jeff Smith,28339-8358,638-63-1353,699-748-8901
Jeff Smith,28339-8358,638-63-1353,669-762-0998
Jeff Smith,28339-8358,638-63-1353,785-340-0661
Jeff Smith,28339-8358,136-64-4039,405-682-1878
Jeff Smith,28339-8358,136-64-4039,699-748-8901
Jeff Smith,28339-8358,136-64-4039,669-762-0998
Jeff Smith,28339-8358,136-64-4039,785-340-0661
Jeff Smith,28339-8358,908-16-3295,405-682-1878
Jeff Smith,28339-8358,908-16-3295,699-748-8901
Jeff Smith,28339-8358,908-16-3295,669-762-0998
Jeff Smith,28339-8358,908-16-3295,785-340-0661
Jeff Smith,28339-8358,627-60-2087,405-682-1878
Jeff Smith,28339-8358,627-60-2087,699-748-8901
Jeff Smith,28339-8358,627-60-2087,669-762-0998
Jeff Smith,28339-8358,627-60-2087,785-340-0661
Jeff Smith,70945-8377,638-63-1353,405-682-1878
Jeff Smith,70945-8377,638-63-1353,699-748-8901
Jeff Smith,70945-8377,638-63-1353,669-762-0998
Jeff Smith,70945-8377,638-63-1353,785-340-0661
Jeff Smith,70945-8377,136-64-4039,405-682-1878
Jeff Smith,70945-8377,136-64-4039,699-748-8901
Jeff Smith,70945-8377,136-64-4039,669-762-0998
Jeff Smith,70945-8377,136-64-4039,785-340-0661
Jeff Smith,70945-8377,908-16-3295,405-682-1878
Jeff Smith,70945-8377,908-16-3295,699-748-8901
Jeff Smith,70945-8377,908-16-3295,669-762-0998
Jeff Smith,70945-8377,908-16-3295,785-340-0661
Jeff Smith,70945-8377,627-60-2087,405-682-1878
Jeff Smith,70945-8377,627-60-2087,699-748-8901
Jeff Smith,70945-8377,627-60-2087,669-762-0998
Jeff Smith,70945-8377,627-60-2087,785-340-0661
Jeff Smith,92042-6295,638-63-1353,405-682-1878
Jeff Smith,92042-6295,638-63-1353,699-748-8901
Jeff Smith,92042-6295,638-63-1353,669-762-0998
Jeff Smith,92042-6295,638-63-1353,785-340-0661
Jeff Smith,92042-6295,136-64-4039,405-682-1878
Jeff Smith,92042-6295,136-64-4039,699-748-8901
Jeff Smith,92042-6295,136-64-4039,669-762-0998
Jeff Smith,92042-6295,136-64-4039,785-340-0661
Jeff Smith,92042-6295,908-16-3295,405-682-1878
Jeff Smith,92042-6295,908-16-3295,699-748-8901
Jeff Smith,92042-6295,908-16-3295,669-762-0998
Jeff Smith,92042-6295,908-16-3295,785-340-0661
Jeff Smith,92042-6295,627-60-2087,405-682-1878
Jeff Smith,92042-6295,627-60-2087,699-748-8901
Jeff Smith,92042-6295,627-60-2087,669-762-0998
Jeff Smith,92042-6295,627-60-2087,785-340-0661
Jeff Smith,83946-5778,638-63-1353,405-682-1878
Jeff Smith,83946-5778,638-63-1353,699-748-8901
Jeff Smith,83946-5778,638-63-1353,669-762-0998
Jeff Smith,83946-5778,638-63-1353,785-340-0661
Jeff Smith,83946-5778,136-64-4039,405-682-1878
Jeff Smith,83946-5778,136-64-4039,699-748-8901
Jeff Smith,83946-5778,136-64-4039,669-762-0998
Jeff Smith,83946-5778,136-64-4039,785-340-0661
Jeff Smith,83946-5778,908-16-3295,405-682-1878
Jeff Smith,83946-5778,908-16-3295,699-748-8901
Jeff Smith,83946-5778,908-16-3295,669-762-0998
Jeff Smith,83946-5778,908-16-3295,785-340-0661
Jeff Smith,83946-5778,627-60-2087,405-682-1878
Jeff Smith,83946-5778,627-60-2087,699-748-8901
Jeff Smith,83946-5778,627-60-2087,669-762-0998
Jeff Smith,83946-5778,627-60-2087,785-340-0661
Joshua Berumen,28339-8358,638-63-1353,405-682-1878
Joshua Berumen,28339-8358,638-63-1353,699-748-8901
Joshua Berumen,28339-8358,638-63-1353,669-762-0998
Joshua Berumen,28339-8358,638-63-1353,785-340-0661
Joshua Berumen,28339-8358,136-64-4039,405-682-1878
Joshua Berumen,28339-8358,136-64-4039,699-748-8901
Joshua Berumen,28339-8358,136-64-4039,669-762-0998
Joshua Berumen,28339-8358,136-64-4039,785-340-0661
Joshua Berumen,28339-8358,908-16-3295,405-682-1878
Joshua Berumen,28339-8358,908-16-3295,699-748-8901
Joshua Berumen,28339-8358,908-16-3295,669-762-0998
Joshua Berumen,28339-8358,908-16-3295,785-340-0661
Joshua Berumen,28339-8358,627-60-2087,405-682-1878
Joshua Berumen,28339-8358,627-60-2087,699-748-8901
Joshua Berumen,28339-8358,627-60-2087,669-762-0998
Joshua Berumen,28339-8358,627-60-2087,785-340-0661
Joshua Berumen,70945-8377,638-63-1353,405-682-1878
Joshua Berumen,70945-8377,638-63-1353,699-748-8901
Joshua Berumen,70945-8377,638-63-1353,669-762-0998
Joshua Berumen,70945-8377,638-63-1353,785-340-0661
Joshua Berumen,70945-8377,136-64-4039,405-682-1878
Joshua Berumen,70945-8377,136-64-4039,699-748-8901
Joshua Berumen,70945-8377,136-64-4039,669-762-0998
Joshua Berumen,70945-8377,136-64-4039,785-340-0661
Joshua Berumen,70945-8377,908-16-3295,405-682-1878
Joshua Berumen,70945-8377,908-16-3295,699-748-8901
Joshua Berumen,70945-8377,908-16-3295,669-762-0998
Joshua Berumen,70945-8377,908-16-3295,785-340-0661
Joshua Berumen,70945-8377,627-60-2087,405-682-1878
Joshua Berumen,70945-8377,627-60-2087,699-748-8901
Joshua Berumen,70945-8377,627-60-2087,669-762-0998
Joshua Berumen,70945-8377,627-60-2087,785-340-0661
Joshua Berumen,92042-6295,638-63-1353,405-682-1878
Joshua Berumen,92042-6295,638-63-1353,699-748-8901
Joshua Berumen,92042-6295,638-63-1353,669-762-0998
Joshua Berumen,92042-6295,638-63-1353,785-340-0661
Joshua Berumen,92042-6295,136-64-4039,405-682-1878
Joshua Berumen,92042-6295,136-64-4039,699-748-8901
Joshua Berumen,92042-6295,136-64-4039,669-762-0998
Joshua Berumen,92042-6295,136-64-4039,785-340-0661
Joshua Berumen,92042-6295,908-16-3295,405-682-1878
Joshua Berumen,92042-6295,908-16-3295,699-748-8901
Joshua Berumen,92042-6295,908-16-3295,669-762-0998
Joshua Berumen,92042-6295,908-16-3295,785-340-0661
Joshua Berumen,92042-6295,627-60-2087,405-682-1878
Joshua Berumen,92042-6295,627-60-2087,699-748-8901
Joshua Berumen,92042-6295,627-60-2087,669-762-0998
Joshua Berumen,92042-6295,627-60-2087,785-340-0661
Joshua Berumen,83946-5778,638-63-1353,405-682-1878
Joshua Berumen,83946-5778,638-63-1353,699-748-8901
Joshua Berumen,83946-5778,638-63-1353,669-762-0998
Joshua Berumen,83946-5778,638-63-1353,785-340-0661
Joshua Berumen,83946-5778,136-64-4039,405-682-1878
Joshua Berumen,83946-5778,136-64-4039,699-748-8901
Joshua Berumen,83946-5778,136-64-4039,669-762-0998
Joshua Berumen,83946-5778,136-64-4039,785-340-0661
Joshua Berumen,83946-5778,908-16-3295,405-682-1878
Joshua Berumen,83946-5778,908-16-3295,699-748-8901
Joshua Berumen,83946-5778,908-16-3295,669-762-0998
Joshua Berumen,83946-5778,908-16-3295,785-340-0661
Joshua Berumen,83946-5778,627-60-2087,405-682-1878
Joshua Berumen,83946-5778,627-60-2087,699-748-8901
Joshua Berumen,83946-5778,627-60-2087,669-762-0998
Joshua Berumen,83946-5778,627-60-2087,785-340-0661
